metabolite,platform,super_pathway,sub_pathway,significant_any_challenge,significant_OGTT_OLTT_SLD,challenge_time,challenge,mean_response,log2_foldchange,p_value,neg_log10_p_value,abs_log2_foldchange
glycocholate,Metabolon HD4 [nt-ms],Lipid,Primary Bile Acid Metabolism,TRUE,TRUE,90,oltt,2.36011709876041,3.86807910029922,1.91347693482312e-19,18.7181767684222,3.86807910029922
taurocholate,Metabolon HD4 [nt-ms],Lipid,Primary Bile Acid Metabolism,TRUE,FALSE,90,oltt,2.47618642779439,3.77958039850671,8.74432382647017e-21,20.058273767636,3.77958039850671
taurochenodeoxycholate,Metabolon HD4 [nt-ms],Lipid,Primary Bile Acid Metabolism,TRUE,TRUE,90,oltt,2.27270492574265,3.68276944282052,3.12435717183875e-21,20.5052393240611,3.68276944282052
taurochenodeoxycholate,Metabolon HD4 [nt-ms],Lipid,Primary Bile Acid Metabolism,TRUE,TRUE,60,oltt,2.15871930986283,3.56878382694071,3.12435717183875e-21,20.5052393240611,3.56878382694071
glycochenodeoxycholate,Metabolon HD4 [nt-ms],Lipid,Primary Bile Acid Metabolism,TRUE,TRUE,180,sld,1.45772104420844,3.4518860720801,4.43145462191255e-26,25.3534536935116,3.4518860720801
glycocholate,Metabolon HD4 [nt-ms],Lipid,Primary Bile Acid Metabolism,TRUE,TRUE,60,oltt,1.90967170956703,3.41763371110584,1.91347693482312e-19,18.7181767684222,3.41763371110584
glycochenodeoxycholate,Metabolon HD4 [nt-ms],Lipid,Primary Bile Acid Metabolism,TRUE,TRUE,120,sld,1.31759942812021,3.31176445599187,4.43145462191255e-26,25.3534536935116,3.31176445599187
taurocholate,Metabolon HD4 [nt-ms],Lipid,Primary Bile Acid Metabolism,TRUE,FALSE,60,oltt,1.98548556560003,3.28887953631236,8.74432382647017e-21,20.058273767636,3.28887953631236
glycochenodeoxycholate,Metabolon HD4 [nt-ms],Lipid,Primary Bile Acid Metabolism,TRUE,TRUE,90,oltt,1.88361796920942,3.26429160825188,3.12457455169139e-19,18.505209108698,3.26429160825188
glycochenodeoxycholate,Metabolon HD4 [nt-ms],Lipid,Primary Bile Acid Metabolism,TRUE,TRUE,60,oltt,1.85419443542907,3.23486807447153,3.12457455169139e-19,18.505209108698,3.23486807447153
taurochenodeoxycholate,Metabolon HD4 [nt-ms],Lipid,Primary Bile Acid Metabolism,TRUE,TRUE,180,sld,1.27258613245867,3.17826051805619,3.32053770475676e-20,19.4787915839766,3.17826051805619
taurochenodeoxycholate,Metabolon HD4 [nt-ms],Lipid,Primary Bile Acid Metabolism,TRUE,TRUE,120,sld,1.25602507487805,3.16169946047557,3.32053770475676e-20,19.4787915839766,3.16169946047557
glycocholate,Metabolon HD4 [nt-ms],Lipid,Primary Bile Acid Metabolism,TRUE,TRUE,180,sld,1.46444886144249,3.11197267299843,1.33884486500013e-21,20.8732697427622,3.11197267299843
glycocholate,Metabolon HD4 [nt-ms],Lipid,Primary Bile Acid Metabolism,TRUE,TRUE,120,sld,1.44430305055041,3.09182686210635,1.33884486500013e-21,20.8732697427622,3.09182686210635
insulin,In-house biochemistry [chem.],Hormones,Hormones,TRUE,TRUE,30,ogtt,5.46072542814937,3.08576765681774,3.82044034871412e-23,22.4178865768802,3.08576765681774
glycochenodeoxycholate,Metabolon HD4 [nt-ms],Lipid,Primary Bile Acid Metabolism,TRUE,TRUE,60,sld,1.04415522204299,3.03832024991466,4.43145462191255e-26,25.3534536935116,3.03832024991466
taurochenodeoxycholate,Metabolon HD4 [nt-ms],Lipid,Primary Bile Acid Metabolism,TRUE,TRUE,60,sld,1.112419916704,3.01809430230152,3.32053770475676e-20,19.4787915839766,3.01809430230152
glycocholate,Metabolon HD4 [nt-ms],Lipid,Primary Bile Acid Metabolism,TRUE,TRUE,120,oltt,1.44927971208873,2.95724171362754,1.91347693482312e-19,18.7181767684222,2.95724171362754
taurochenodeoxycholate,Metabolon HD4 [nt-ms],Lipid,Primary Bile Acid Metabolism,TRUE,TRUE,240,oltt,1.48583456814632,2.89589908522419,3.12435717183875e-21,20.5052393240611,2.89589908522419
taurochenodeoxycholate,Metabolon HD4 [nt-ms],Lipid,Primary Bile Acid Metabolism,TRUE,TRUE,120,oltt,1.44611466356163,2.8561791806395,3.12435717183875e-21,20.5052393240611,2.8561791806395
glycocholate,Metabolon HD4 [nt-ms],Lipid,Primary Bile Acid Metabolism,TRUE,TRUE,240,oltt,1.31627654334957,2.82423854488838,1.91347693482312e-19,18.7181767684222,2.82423854488838
glycoursodeoxycholate,Metabolon HD4 [nt-ms],Lipid,Secondary Bile Acid Metabolism,TRUE,FALSE,180,sld,1.08972912861861,2.75549829210439,6.84274290468571e-15,14.1647697769953,2.75549829210439
glycocholate,Metabolon HD4 [nt-ms],Lipid,Primary Bile Acid Metabolism,TRUE,TRUE,180,oltt,1.22108977585035,2.72905177738915,1.91347693482312e-19,18.7181767684222,2.72905177738915
glycoursodeoxycholate,Metabolon HD4 [nt-ms],Lipid,Secondary Bile Acid Metabolism,TRUE,FALSE,90,oltt,1.79408900878804,2.71781440421617,5.83358951945765e-20,19.2340641332716,2.71781440421617
taurocholate,Metabolon HD4 [nt-ms],Lipid,Primary Bile Acid Metabolism,TRUE,FALSE,120,oltt,1.39998209054766,2.70337606125999,8.74432382647017e-21,20.058273767636,2.70337606125999
insulin,In-house biochemistry [chem.],Hormones,Hormones,TRUE,TRUE,45,ogtt,5.06550812158945,2.69055035025783,3.82044034871412e-23,22.4178865768802,2.69055035025783
taurochenodeoxycholate,Metabolon HD4 [nt-ms],Lipid,Primary Bile Acid Metabolism,TRUE,TRUE,180,oltt,1.2734983213801,2.68356283845797,3.12435717183875e-21,20.5052393240611,2.68356283845797
theobromine,Metabolon HD4 [nt-ms],Xenobiotics,Xanthine Metabolism,TRUE,FALSE,180,sld,0.32248029046111,2.66308904239572,7.13720645585487e-31,30.1464717403537,2.66308904239572
glycochenodeoxycholate,Metabolon HD4 [nt-ms],Lipid,Primary Bile Acid Metabolism,TRUE,TRUE,240,oltt,1.25089762332074,2.6315712623632,3.12457455169139e-19,18.505209108698,2.6315712623632
theobromine,Metabolon HD4 [nt-ms],Xenobiotics,Xanthine Metabolism,TRUE,FALSE,240,sld,0.288802307560914,2.62941105949552,7.13720645585487e-31,30.1464717403537,2.62941105949552
glycocholate,Metabolon HD4 [nt-ms],Lipid,Primary Bile Acid Metabolism,TRUE,TRUE,60,sld,0.97804093766294,2.62556474921888,1.33884486500013e-21,20.8732697427622,2.62556474921888
7-methylxanthine,Metabolon HD4 [nt-ms],Xenobiotics,Xanthine Metabolism,TRUE,TRUE,240,sld,0.0358833412750245,2.60935420988538,7.86710136351011e-47,46.1041852541363,2.60935420988538
glycochenodeoxycholate,Metabolon HD4 [nt-ms],Lipid,Primary Bile Acid Metabolism,TRUE,TRUE,120,oltt,1.18332609101873,2.56399973006119,3.12457455169139e-19,18.505209108698,2.56399973006119
taurocholate,Metabolon HD4 [nt-ms],Lipid,Primary Bile Acid Metabolism,TRUE,FALSE,180,sld,1.07612886469808,2.56061294896134,8.90936772312467e-13,12.0501531157276,2.56061294896134
glycoursodeoxycholate,Metabolon HD4 [nt-ms],Lipid,Secondary Bile Acid Metabolism,TRUE,FALSE,120,sld,0.89184518704646,2.55761435053224,6.84274290468571e-15,14.1647697769953,2.55761435053224
taurocholate,Metabolon HD4 [nt-ms],Lipid,Primary Bile Acid Metabolism,TRUE,FALSE,120,sld,1.06794313606909,2.55242722033235,8.90936772312467e-13,12.0501531157276,2.55242722033235
7-methylxanthine,Metabolon HD4 [nt-ms],Xenobiotics,Xanthine Metabolism,TRUE,TRUE,180,sld,-0.038743058330404,2.53472781027995,7.86710136351011e-47,46.1041852541363,2.53472781027995
insulin,In-house biochemistry [chem.],Hormones,Hormones,TRUE,TRUE,60,sld,4.92815049613916,2.52582881157517,2.14669632802872e-28,27.6682293865787,2.52582881157517
taurocholate,Metabolon HD4 [nt-ms],Lipid,Primary Bile Acid Metabolism,TRUE,FALSE,240,oltt,1.22189022478408,2.5252841954964,8.74432382647017e-21,20.058273767636,2.5252841954964
insulin,In-house biochemistry [chem.],Hormones,Hormones,TRUE,TRUE,90,oltt,5.17435151459547,2.51526293665369,1.64243535892707e-33,32.7845117138922,2.51526293665369
taurocholate,Metabolon HD4 [nt-ms],Lipid,Primary Bile Acid Metabolism,TRUE,FALSE,180,oltt,1.19270260453395,2.49609657524628,8.74432382647017e-21,20.058273767636,2.49609657524628
glycoursodeoxycholate,Metabolon HD4 [nt-ms],Lipid,Secondary Bile Acid Metabolism,TRUE,FALSE,60,oltt,1.57106104393046,2.49478643935859,5.83358951945765e-20,19.2340641332716,2.49478643935859
theobromine,Metabolon HD4 [nt-ms],Xenobiotics,Xanthine Metabolism,TRUE,FALSE,120,sld,0.141592635487047,2.48220138742166,7.13720645585487e-31,30.1464717403537,2.48220138742166
glycochenodeoxycholate,Metabolon HD4 [nt-ms],Lipid,Primary Bile Acid Metabolism,TRUE,TRUE,240,sld,0.464468339822632,2.45863336769429,4.43145462191255e-26,25.3534536935116,2.45863336769429
3-hydroxybutyrate (BHBA),Metabolon HD4 [nt-ms],Lipid,Ketone Bodies,TRUE,FALSE,120,ogtt,-2.64696324071186,-2.41204751194833,2.91328989070188e-12,11.5356162981845,2.41204751194833
glycochenodeoxycholate,Metabolon HD4 [nt-ms],Lipid,Primary Bile Acid Metabolism,TRUE,TRUE,180,oltt,1.00144815561035,2.38212179465281,3.12457455169139e-19,18.505209108698,2.38212179465281
taurocholate,Metabolon HD4 [nt-ms],Lipid,Primary Bile Acid Metabolism,TRUE,FALSE,60,sld,0.878740986600903,2.36322507086416,8.90936772312467e-13,12.0501531157276,2.36322507086416
insulin,In-house biochemistry [chem.],Hormones,Hormones,TRUE,TRUE,15,ogtt,4.71505688191012,2.34009911057849,3.82044034871412e-23,22.4178865768802,2.34009911057849
insulin,In-house biochemistry [chem.],Hormones,Hormones,TRUE,TRUE,120,oltt,4.93931919483161,2.28023061688983,1.64243535892707e-33,32.7845117138922,2.28023061688983
glycolithocholate,Metabolon HD4 [nt-ms],Lipid,Secondary Bile Acid Metabolism,TRUE,FALSE,90,oltt,1.80714948085671,2.26796153536904,4.78110148517374e-12,11.3204720377342,2.26796153536904
glycoursodeoxycholate,Metabolon HD4 [nt-ms],Lipid,Secondary Bile Acid Metabolism,TRUE,FALSE,240,oltt,1.30476919901991,2.22849459444805,5.83358951945765e-20,19.2340641332716,2.22849459444805
insulin,In-house biochemistry [chem.],Hormones,Hormones,TRUE,TRUE,120,sld,4.62457885597379,2.2222571714098,2.14669632802872e-28,27.6682293865787,2.2222571714098
3-methylxanthine,Metabolon HD4 [nt-ms],Xenobiotics,Xanthine Metabolism,TRUE,FALSE,240,sld,-0.0665490709068101,2.19612349201039,1.81820235079139e-22,21.7403577850625,2.19612349201039
3-hydroxybutyrate (BHBA),Metabolon HD4 [nt-ms],Lipid,Ketone Bodies,TRUE,FALSE,90,ogtt,-2.42496046996811,-2.19004474120458,2.91328989070188e-12,11.5356162981845,2.19004474120458
13-HODE + 9-HODE,Metabolon HD4 [nt-ms],Lipid,"Fatty Acid, Monohydroxy",TRUE,FALSE,120,oltt,-1.31235681355189,-2.15190469839072,1.37709895446889e-05,4.86103485143827,2.15190469839072
7-methylxanthine,Metabolon HD4 [nt-ms],Xenobiotics,Xanthine Metabolism,TRUE,TRUE,120,sld,-0.43390175872685,2.13956910988351,7.86710136351011e-47,46.1041852541363,2.13956910988351
glycocholate,Metabolon HD4 [nt-ms],Lipid,Primary Bile Acid Metabolism,TRUE,TRUE,240,sld,0.48566488326963,2.13318869482557,1.33884486500013e-21,20.8732697427622,2.13318869482557
glycoursodeoxycholate,Metabolon HD4 [nt-ms],Lipid,Secondary Bile Acid Metabolism,TRUE,FALSE,60,sld,0.465735398901784,2.13150456238757,6.84274290468571e-15,14.1647697769953,2.13150456238757
DSGEGDFXAEGGGVR*,Metabolon HD4 [nt-ms],Peptide,Fibrinogen Cleavage Peptide,TRUE,FALSE,60,ogtt,2.08195030067351,2.07602699985182,9.46338060228131e-07,6.02395369291674,2.07602699985182
glycocholate,Metabolon HD4 [nt-ms],Lipid,Primary Bile Acid Metabolism,TRUE,TRUE,30,oltt,0.517982864790409,2.02594486632921,1.91347693482312e-19,18.7181767684222,2.02594486632921
taurochenodeoxycholate,Metabolon HD4 [nt-ms],Lipid,Primary Bile Acid Metabolism,TRUE,TRUE,240,sld,0.117689602073934,2.02336398767146,3.32053770475676e-20,19.4787915839766,2.02336398767146
insulin,In-house biochemistry [chem.],Hormones,Hormones,TRUE,TRUE,60,ogtt,4.38673862169242,2.0117808503608,3.82044034871412e-23,22.4178865768802,2.0117808503608
glycoursodeoxycholate,Metabolon HD4 [nt-ms],Lipid,Secondary Bile Acid Metabolism,TRUE,FALSE,120,oltt,1.07826488111119,2.00199027653933,5.83358951945765e-20,19.2340641332716,2.00199027653933
3-methylxanthine,Metabolon HD4 [nt-ms],Xenobiotics,Xanthine Metabolism,TRUE,FALSE,180,sld,-0.268362308460621,1.99431025445657,1.81820235079139e-22,21.7403577850625,1.99431025445657
taurochenodeoxycholate,Metabolon HD4 [nt-ms],Lipid,Primary Bile Acid Metabolism,TRUE,TRUE,30,oltt,0.579936293682369,1.99000081076024,3.12435717183875e-21,20.5052393240611,1.99000081076024
glycolithocholate,Metabolon HD4 [nt-ms],Lipid,Secondary Bile Acid Metabolism,TRUE,FALSE,60,oltt,1.52255590074208,1.98336795525441,4.78110148517374e-12,11.3204720377342,1.98336795525441
glycoursodeoxycholate,Metabolon HD4 [nt-ms],Lipid,Secondary Bile Acid Metabolism,TRUE,FALSE,240,sld,0.299585048115308,1.96535421160109,6.84274290468571e-15,14.1647697769953,1.96535421160109
glycoursodeoxycholate,Metabolon HD4 [nt-ms],Lipid,Secondary Bile Acid Metabolism,TRUE,FALSE,180,oltt,1.0340894816971,1.95781487712523,5.83358951945765e-20,19.2340641332716,1.95781487712523
3-hydroxy-3-methylglutarate,Metabolon HD4 [nt-ms],Lipid,Mevalonate Metabolism,TRUE,FALSE,120,sld,1.32124323707673,1.95466476077411,1.17104943884689e-31,30.9314247696884,1.95466476077411
5-dodecenoate (12:1n7),Metabolon HD4 [nt-ms],Lipid,Medium Chain Fatty Acid,TRUE,TRUE,120,oltt,-1.17322921145204,-1.92615493611681,6.60671737590287e-19,18.1800142711713,1.92615493611681
15-methylpalmitate,Metabolon HD4 [nt-ms],Lipid,"Fatty Acid, Branched",TRUE,TRUE,120,oltt,-0.781606952305837,-1.91456160580017,1.62259779153934e-26,25.7897891194607,1.91456160580017
laurate (12:0),Metabolon HD4 [nt-ms],Lipid,Medium Chain Fatty Acid,TRUE,TRUE,120,oltt,-1.03184450982487,-1.90218272606754,3.85548107333712e-21,20.4139214244975,1.90218272606754
1-oleoyl-GPE (18:1),Metabolon HD4 [nt-ms],Lipid,Lysolipid,TRUE,FALSE,240,sld,0.537249811537453,1.86824971411591,4.91493555119317e-67,66.3084821726324,1.86824971411591
3-hydroxybutyrate (BHBA),Metabolon HD4 [nt-ms],Lipid,Ketone Bodies,TRUE,FALSE,120,oltt,-1.57320591405584,-1.86126176174309,1.44429845360874e-12,11.8403430537454,1.86126176174309
decanoylcarnitine,Metabolon HD4 [nt-ms],Lipid,Fatty Acid Metabolism(Acyl Carnitine),TRUE,TRUE,120,sld,-2.06876633830248,-1.8295523669846,1.48773166339355e-27,26.8274753938012,1.8295523669846
glycolithocholate,Metabolon HD4 [nt-ms],Lipid,Secondary Bile Acid Metabolism,TRUE,FALSE,60,sld,1.39498159089767,1.8264505524955,3.99021326131431e-11,10.3990038923491,1.8264505524955
5-dodecenoate (12:1n7),Metabolon HD4 [nt-ms],Lipid,Medium Chain Fatty Acid,TRUE,TRUE,120,sld,-1.90142574943393,-1.80317325795905,1.06550985040872e-18,17.9724425309724,1.80317325795905
glycolithocholate,Metabolon HD4 [nt-ms],Lipid,Secondary Bile Acid Metabolism,TRUE,FALSE,120,sld,1.35402398911116,1.785492950709,3.99021326131431e-11,10.3990038923491,1.785492950709
DSGEGDFXAEGGGVR*,Metabolon HD4 [nt-ms],Peptide,Fibrinogen Cleavage Peptide,TRUE,FALSE,45,ogtt,1.78207820364515,1.77615490282346,9.46338060228131e-07,6.02395369291674,1.77615490282346
3-hydroxybutyrate (BHBA),Metabolon HD4 [nt-ms],Lipid,Ketone Bodies,TRUE,FALSE,60,ogtt,-1.96015116682467,-1.72523543806115,2.91328989070188e-12,11.5356162981845,1.72523543806115
theobromine,Metabolon HD4 [nt-ms],Xenobiotics,Xanthine Metabolism,TRUE,FALSE,60,sld,-0.631360020140334,1.70924873179428,7.13720645585487e-31,30.1464717403537,1.70924873179428
5-dodecenoate (12:1n7),Metabolon HD4 [nt-ms],Lipid,Medium Chain Fatty Acid,TRUE,TRUE,180,sld,-1.80722751823522,-1.70897502676034,1.06550985040872e-18,17.9724425309724,1.70897502676034
1-oleoyl-GPE (18:1),Metabolon HD4 [nt-ms],Lipid,Lysolipid,TRUE,FALSE,180,sld,0.372630622133171,1.70363052471163,4.91493555119317e-67,66.3084821726324,1.70363052471163
3-methylxanthine,Metabolon HD4 [nt-ms],Xenobiotics,Xanthine Metabolism,TRUE,FALSE,120,sld,-0.559632079214653,1.70304048370254,1.81820235079139e-22,21.7403577850625,1.70304048370254
glycochenodeoxycholate,Metabolon HD4 [nt-ms],Lipid,Primary Bile Acid Metabolism,TRUE,TRUE,30,oltt,0.314569838154225,1.69524347719668,3.12457455169139e-19,18.505209108698,1.69524347719668
methionine sulfoxide,Metabolon HD4 [nt-ms],Amino Acid,"Methionine, Cysteine, SAM and Taurine Metabolism",TRUE,TRUE,120,sld,1.00203529647189,1.69315573303139,6.85749924204546e-23,22.1638342317257,1.69315573303139
ursodeoxycholate,Metabolon HD4 [nt-ms],Lipid,Secondary Bile Acid Metabolism,TRUE,FALSE,120,oltt,1.25324634538364,1.69051701092237,3.68937883242591e-06,5.43304674830126,1.69051701092237
laurate (12:0),Metabolon HD4 [nt-ms],Lipid,Medium Chain Fatty Acid,TRUE,TRUE,90,oltt,-0.806580693888226,-1.67691891013089,3.85548107333712e-21,20.4139214244975,1.67691891013089
3-hydroxy-3-methylglutarate,Metabolon HD4 [nt-ms],Lipid,Mevalonate Metabolism,TRUE,FALSE,180,sld,1.03981001655588,1.67323154025326,1.17104943884689e-31,30.9314247696884,1.67323154025326
15-methylpalmitate,Metabolon HD4 [nt-ms],Lipid,"Fatty Acid, Branched",TRUE,TRUE,90,oltt,-0.539960666936656,-1.67291532043099,1.62259779153934e-26,25.7897891194607,1.67291532043099
dopamine sulfate (2),Metabolon HD4 [nt-ms],Amino Acid,Phenylalanine and Tyrosine Metabolism,TRUE,TRUE,240,oltt,0.787005535625562,1.6679532796242,1.32176713703335e-80,79.8788450501525,1.6679532796242
taurocholate,Metabolon HD4 [nt-ms],Lipid,Primary Bile Acid Metabolism,TRUE,FALSE,30,oltt,0.361013500140696,1.66440747085302,8.74432382647017e-21,20.058273767636,1.66440747085302
dopamine sulfate (2),Metabolon HD4 [nt-ms],Amino Acid,Phenylalanine and Tyrosine Metabolism,TRUE,TRUE,180,oltt,0.778524977139044,1.65947272113768,1.32176713703335e-80,79.8788450501525,1.65947272113768
2-hydroxydecanoate,Metabolon HD4 [nt-ms],Lipid,"Fatty Acid, Monohydroxy",TRUE,TRUE,240,oltt,0.775372738267219,1.64402653117896,1.6274731492721e-26,25.7884861678714,1.64402653117896
laurylcarnitine,Metabolon HD4 [nt-ms],Lipid,Fatty Acid Metabolism(Acyl Carnitine),TRUE,TRUE,180,sld,-1.90151145877695,-1.63481162392127,7.94430698583919e-20,19.0999439820756,1.63481162392127
3-hydroxy-3-methylglutarate,Metabolon HD4 [nt-ms],Lipid,Mevalonate Metabolism,TRUE,FALSE,120,oltt,1.08543121887575,1.63113654551461,1.90567028469359e-40,39.719952237971,1.63113654551461
insulin,In-house biochemistry [chem.],Hormones,Hormones,TRUE,TRUE,90,ogtt,4.00589435797694,1.63093658664531,3.82044034871412e-23,22.4178865768802,1.63093658664531
glycohyocholate,Metabolon HD4 [nt-ms],Lipid,Secondary Bile Acid Metabolism,TRUE,FALSE,180,sld,0.686945354957483,1.62934170405794,5.01269628807689e-07,6.29992860785614,1.62934170405794
taurolithocholate 3-sulfate,Metabolon HD4 [nt-ms],Lipid,Secondary Bile Acid Metabolism,TRUE,FALSE,120,oltt,0.610219254070951,1.62841089641907,1.90076040150634e-17,16.7210726242507,1.62841089641907
5-dodecenoate (12:1n7),Metabolon HD4 [nt-ms],Lipid,Medium Chain Fatty Acid,TRUE,TRUE,90,oltt,-0.869946277556937,-1.6228720022217,6.60671737590287e-19,18.1800142711713,1.6228720022217
decanoylcarnitine,Metabolon HD4 [nt-ms],Lipid,Fatty Acid Metabolism(Acyl Carnitine),TRUE,TRUE,180,sld,-1.86143804309278,-1.6222240717749,1.48773166339355e-27,26.8274753938012,1.6222240717749
phytanate,Metabolon HD4 [nt-ms],Xenobiotics,Food Component/Plant,TRUE,TRUE,180,sld,-1.56627785549523,-1.61929042023845,1.94459960208372e-21,20.7111698074522,1.61929042023845
15-methylpalmitate,Metabolon HD4 [nt-ms],Lipid,"Fatty Acid, Branched",TRUE,TRUE,180,oltt,-0.47181353031532,-1.60476818380966,1.62259779153934e-26,25.7897891194607,1.60476818380966
oleoyl ethanolamide,Metabolon HD4 [nt-ms],Lipid,Endocannabinoid,TRUE,TRUE,180,oltt,-0.739177481819183,-1.59623483793086,1.1410885308614e-12,11.9426806597246,1.59623483793086
glycohyocholate,Metabolon HD4 [nt-ms],Lipid,Secondary Bile Acid Metabolism,TRUE,FALSE,90,oltt,1.07560811233842,1.59178131578807,7.97472336842482e-10,9.09828437305452,1.59178131578807
methionine sulfoxide,Metabolon HD4 [nt-ms],Amino Acid,"Methionine, Cysteine, SAM and Taurine Metabolism",TRUE,TRUE,180,sld,0.898407787821888,1.58952822438139,6.85749924204546e-23,22.1638342317257,1.58952822438139
5-dodecenoate (12:1n7),Metabolon HD4 [nt-ms],Lipid,Medium Chain Fatty Acid,TRUE,TRUE,90,ogtt,-1.42439079643353,-1.57911875377256,3.12971130473116e-16,15.5044957214135,1.57911875377256
3-hydroxylaurate,Metabolon HD4 [nt-ms],Lipid,"Fatty Acid, Monohydroxy",TRUE,TRUE,90,ogtt,-1.67603884614383,-1.57824049120506,6.2126666002874e-09,8.20672195196238,1.57824049120506
3-hydroxypyridine sulfate,Metabolon HD4 [nt-ms],Xenobiotics,Chemical,TRUE,TRUE,120,oltt,0.318708095553747,1.56816242859216,3.69519699657279e-24,23.4323624037525,1.56816242859216
3-hydroxybutyrate (BHBA),Metabolon HD4 [nt-ms],Lipid,Ketone Bodies,TRUE,FALSE,90,oltt,-1.26808685105324,-1.55614269874048,1.44429845360874e-12,11.8403430537454,1.55614269874048
5-dodecenoate (12:1n7),Metabolon HD4 [nt-ms],Lipid,Medium Chain Fatty Acid,TRUE,TRUE,120,ogtt,-1.39656630875932,-1.55129426609835,3.12971130473116e-16,15.5044957214135,1.55129426609835
glycolithocholate sulfate*,Metabolon HD4 [nt-ms],Lipid,Secondary Bile Acid Metabolism,TRUE,FALSE,120,oltt,0.661577007966629,1.55109232829701,2.89969779760569e-19,18.537647261298,1.55109232829701
3-hydroxylaurate,Metabolon HD4 [nt-ms],Lipid,"Fatty Acid, Monohydroxy",TRUE,TRUE,120,ogtt,-1.64527627102506,-1.54747791608629,6.2126666002874e-09,8.20672195196238,1.54747791608629
"3,7-dimethylurate",Metabolon HD4 [nt-ms],Xenobiotics,Xanthine Metabolism,TRUE,FALSE,240,sld,0.0556680529892532,1.54696085567255,2.05216698950829e-25,24.6877873025898,1.54696085567255
ursodeoxycholate,Metabolon HD4 [nt-ms],Lipid,Secondary Bile Acid Metabolism,TRUE,FALSE,90,oltt,1.10800590745151,1.54527657299025,3.68937883242591e-06,5.43304674830126,1.54527657299025
glycodeoxycholate sulfate,Metabolon HD4 [nt-ms],Lipid,Secondary Bile Acid Metabolism,TRUE,FALSE,240,oltt,0.473558927971404,1.53476015232726,2.06933827415173e-14,13.6841685095329,1.53476015232726
laurylcarnitine,Metabolon HD4 [nt-ms],Lipid,Fatty Acid Metabolism(Acyl Carnitine),TRUE,TRUE,120,sld,-1.7993748988785,-1.53267506402283,7.94430698583919e-20,19.0999439820756,1.53267506402283
2-oleoyl-GPE (18:1)*,Metabolon HD4 [nt-ms],Lipid,Lysolipid,TRUE,FALSE,240,sld,0.408677521943724,1.53046385939284,1.06068115378244e-21,20.9744151476384,1.53046385939284
13-HODE + 9-HODE,Metabolon HD4 [nt-ms],Lipid,"Fatty Acid, Monohydroxy",TRUE,FALSE,60,oltt,-0.68834041243863,-1.52788829727746,1.37709895446889e-05,4.86103485143827,1.52788829727746
dopamine sulfate (2),Metabolon HD4 [nt-ms],Amino Acid,Phenylalanine and Tyrosine Metabolism,TRUE,TRUE,120,oltt,0.644983999032457,1.52593174303109,1.32176713703335e-80,79.8788450501525,1.52593174303109
isovalerylglycine,Metabolon HD4 [nt-ms],Amino Acid,"Leucine, Isoleucine and Valine Metabolism",TRUE,FALSE,120,sld,0.900849962268798,1.52157069640649,1.03775980685e-18,17.9839031538389,1.52157069640649
13-HODE + 9-HODE,Metabolon HD4 [nt-ms],Lipid,"Fatty Acid, Monohydroxy",TRUE,FALSE,90,oltt,-0.671056500319384,-1.51060438515821,1.37709895446889e-05,4.86103485143827,1.51060438515821
taurocholate,Metabolon HD4 [nt-ms],Lipid,Primary Bile Acid Metabolism,TRUE,FALSE,240,sld,0.0218097207757407,1.506293805039,8.90936772312467e-13,12.0501531157276,1.506293805039
oleoyl ethanolamide,Metabolon HD4 [nt-ms],Lipid,Endocannabinoid,TRUE,TRUE,120,oltt,-0.646349237603522,-1.5034065937152,1.1410885308614e-12,11.9426806597246,1.5034065937152
glycochenodeoxycholate glucuronide (1),Metabolon HD4 [nt-ms],Lipid,Primary Bile Acid Metabolism,TRUE,FALSE,180,oltt,0.586617701044317,1.49909933425004,1.069374011152e-22,21.9708703747059,1.49909933425004
phytanate,Metabolon HD4 [nt-ms],Xenobiotics,Food Component/Plant,TRUE,TRUE,120,sld,-1.42624038064429,-1.4792529453875,1.94459960208372e-21,20.7111698074522,1.4792529453875
taurolithocholate 3-sulfate,Metabolon HD4 [nt-ms],Lipid,Secondary Bile Acid Metabolism,TRUE,FALSE,240,oltt,0.460691367409773,1.4788830097579,1.90076040150634e-17,16.7210726242507,1.4788830097579
2-hydroxydecanoate,Metabolon HD4 [nt-ms],Lipid,"Fatty Acid, Monohydroxy",TRUE,TRUE,60,sld,0.486741357365142,1.47803524635171,1.71941504259774e-20,19.7646192780813,1.47803524635171
octanoylcarnitine,Metabolon HD4 [nt-ms],Lipid,Fatty Acid Metabolism(Acyl Carnitine),TRUE,TRUE,120,sld,-1.75000112926373,-1.47746311295287,1.4205124568493e-30,29.8475549534812,1.47746311295287
glycodeoxycholate sulfate,Metabolon HD4 [nt-ms],Lipid,Secondary Bile Acid Metabolism,TRUE,FALSE,180,oltt,0.413203665178488,1.47440488953435,2.06933827415173e-14,13.6841685095329,1.47440488953435
taurochenodeoxycholate,Metabolon HD4 [nt-ms],Lipid,Primary Bile Acid Metabolism,TRUE,TRUE,30,ogtt,-0.359903648856149,1.47322609250189,6.11691847972328e-06,5.21346730731359,1.47322609250189
1-oleoyl-GPE (18:1),Metabolon HD4 [nt-ms],Lipid,Lysolipid,TRUE,FALSE,240,oltt,0.905094155486642,1.46886563729569,7.16035814818993e-51,50.1450652545228,1.46886563729569
dopamine sulfate (2),Metabolon HD4 [nt-ms],Amino Acid,Phenylalanine and Tyrosine Metabolism,TRUE,TRUE,180,sld,0.91453959192295,1.46714536242562,4.58275911509251e-29,28.3388729701031,1.46714536242562
3-hydroxy-3-methylglutarate,Metabolon HD4 [nt-ms],Lipid,Mevalonate Metabolism,TRUE,FALSE,60,sld,0.831253278849277,1.46467480254666,1.17104943884689e-31,30.9314247696884,1.46467480254666
caffeine,Metabolon HD4 [nt-ms],Xenobiotics,Xanthine Metabolism,TRUE,TRUE,120,oltt,0.12252549378793,1.46208696905747,3.01241460242025e-26,25.5210852558605,1.46208696905747
glycochenodeoxycholate glucuronide (1),Metabolon HD4 [nt-ms],Lipid,Primary Bile Acid Metabolism,TRUE,FALSE,120,oltt,0.54638253751405,1.45886417071978,1.069374011152e-22,21.9708703747059,1.45886417071978
"3,7-dimethylurate",Metabolon HD4 [nt-ms],Xenobiotics,Xanthine Metabolism,TRUE,FALSE,180,sld,-0.0349854923790844,1.45630731030421,2.05216698950829e-25,24.6877873025898,1.45630731030421
3-hydroxybutyrate (BHBA),Metabolon HD4 [nt-ms],Lipid,Ketone Bodies,TRUE,FALSE,45,ogtt,-1.68882849905415,-1.45391277029062,2.91328989070188e-12,11.5356162981845,1.45391277029062
glycodeoxycholate sulfate,Metabolon HD4 [nt-ms],Lipid,Secondary Bile Acid Metabolism,TRUE,FALSE,120,oltt,0.385373027482937,1.4465742518388,2.06933827415173e-14,13.6841685095329,1.4465742518388
3-hydroxybutyrate (BHBA),Metabolon HD4 [nt-ms],Lipid,Ketone Bodies,TRUE,FALSE,180,ogtt,-1.6778023994816,-1.44288667071808,2.91328989070188e-12,11.5356162981845,1.44288667071808
3-hydroxydecanoate,Metabolon HD4 [nt-ms],Lipid,"Fatty Acid, Monohydroxy",TRUE,FALSE,120,ogtt,-1.64564541927391,-1.43977277372003,1.12798736740709e-15,14.9476957640904,1.43977277372003
glycocholate,Metabolon HD4 [nt-ms],Lipid,Primary Bile Acid Metabolism,TRUE,TRUE,30,ogtt,0.00100878279888224,1.43794335338035,4.11489616242005e-08,7.38564111954211,1.43794335338035
caffeine,Metabolon HD4 [nt-ms],Xenobiotics,Xanthine Metabolism,TRUE,TRUE,120,sld,0.717991908354888,1.43680952170226,9.04162479584727e-07,6.04375351903077,1.43680952170226
laurate (12:0),Metabolon HD4 [nt-ms],Lipid,Medium Chain Fatty Acid,TRUE,TRUE,120,sld,-1.35107027954466,-1.43618993303046,2.45195793837366e-21,20.6104869841083,1.43618993303046
glycochenodeoxycholate glucuronide (1),Metabolon HD4 [nt-ms],Lipid,Primary Bile Acid Metabolism,TRUE,FALSE,240,sld,0.517561934147566,1.43146629613568,1.54401299036837e-18,17.8113490501003,1.43146629613568
ursodeoxycholate,Metabolon HD4 [nt-ms],Lipid,Secondary Bile Acid Metabolism,TRUE,FALSE,180,oltt,0.989038070721343,1.42630873626008,3.68937883242591e-06,5.43304674830126,1.42630873626008
3-hydroxydecanoate,Metabolon HD4 [nt-ms],Lipid,"Fatty Acid, Monohydroxy",TRUE,FALSE,90,ogtt,-1.62503884972684,-1.41916620417297,1.12798736740709e-15,14.9476957640904,1.41916620417297
glycochenodeoxycholate glucuronide (1),Metabolon HD4 [nt-ms],Lipid,Primary Bile Acid Metabolism,TRUE,FALSE,180,sld,0.503351462245906,1.41725582423402,1.54401299036837e-18,17.8113490501003,1.41725582423402
lanthionine,Metabolon HD4 [nt-ms],Xenobiotics,Chemical,TRUE,FALSE,240,sld,0.728322268766527,1.41523056022692,9.86678848761517e-30,29.0058241815824,1.41523056022692
glycohyocholate,Metabolon HD4 [nt-ms],Lipid,Secondary Bile Acid Metabolism,TRUE,FALSE,120,oltt,0.897766048730455,1.4139392521801,7.97472336842482e-10,9.09828437305452,1.4139392521801
taurolithocholate 3-sulfate,Metabolon HD4 [nt-ms],Lipid,Secondary Bile Acid Metabolism,TRUE,FALSE,180,sld,0.186622769462361,1.40995682223642,8.68933704294485e-14,13.0610133569891,1.40995682223642
glycochenodeoxycholate glucuronide (1),Metabolon HD4 [nt-ms],Lipid,Primary Bile Acid Metabolism,TRUE,FALSE,240,oltt,0.496321060995201,1.40880269420093,1.069374011152e-22,21.9708703747059,1.40880269420093
13-HODE + 9-HODE,Metabolon HD4 [nt-ms],Lipid,"Fatty Acid, Monohydroxy",TRUE,FALSE,180,oltt,-0.567377749608051,-1.40692563444688,1.37709895446889e-05,4.86103485143827,1.40692563444688
15-methylpalmitate,Metabolon HD4 [nt-ms],Lipid,"Fatty Acid, Branched",TRUE,TRUE,240,oltt,-0.268635192959298,-1.40158984645363,1.62259779153934e-26,25.7897891194607,1.40158984645363
caffeine,Metabolon HD4 [nt-ms],Xenobiotics,Xanthine Metabolism,TRUE,TRUE,180,sld,0.678397369884589,1.39721498323196,9.04162479584727e-07,6.04375351903077,1.39721498323196
5-dodecenoate (12:1n7),Metabolon HD4 [nt-ms],Lipid,Medium Chain Fatty Acid,TRUE,TRUE,180,oltt,-0.643455343267731,-1.3963810679325,6.60671737590287e-19,18.1800142711713,1.3963810679325
taurolithocholate 3-sulfate,Metabolon HD4 [nt-ms],Lipid,Secondary Bile Acid Metabolism,TRUE,FALSE,180,oltt,0.369661747519248,1.38785338986737,1.90076040150634e-17,16.7210726242507,1.38785338986737
glycolithocholate,Metabolon HD4 [nt-ms],Lipid,Secondary Bile Acid Metabolism,TRUE,FALSE,120,oltt,0.92645577605638,1.38726783056871,4.78110148517374e-12,11.3204720377342,1.38726783056871
13-HODE + 9-HODE,Metabolon HD4 [nt-ms],Lipid,"Fatty Acid, Monohydroxy",TRUE,FALSE,240,oltt,-0.546912710162811,-1.38646059500164,1.37709895446889e-05,4.86103485143827,1.38646059500164
laurate (12:0),Metabolon HD4 [nt-ms],Lipid,Medium Chain Fatty Acid,TRUE,TRUE,60,oltt,-0.513852553512477,-1.38419076975514,3.85548107333712e-21,20.4139214244975,1.38419076975514
DSGEGDFXAEGGGVR*,Metabolon HD4 [nt-ms],Peptide,Fibrinogen Cleavage Peptide,TRUE,FALSE,30,ogtt,1.37660052847131,1.37067722764961,9.46338060228131e-07,6.02395369291674,1.37067722764961
oleoyl ethanolamide,Metabolon HD4 [nt-ms],Lipid,Endocannabinoid,TRUE,TRUE,90,oltt,-0.511174242994259,-1.36823159910594,1.1410885308614e-12,11.9426806597246,1.36823159910594
glycohyocholate,Metabolon HD4 [nt-ms],Lipid,Secondary Bile Acid Metabolism,TRUE,FALSE,120,sld,0.425728549192594,1.36812489829306,5.01269628807689e-07,6.29992860785614,1.36812489829306
insulin,In-house biochemistry [chem.],Hormones,Hormones,TRUE,TRUE,60,oltt,4.02563075534785,1.36654217740608,1.64243535892707e-33,32.7845117138922,1.36654217740608
laurate (12:0),Metabolon HD4 [nt-ms],Lipid,Medium Chain Fatty Acid,TRUE,TRUE,180,oltt,-0.490436871735302,-1.36077508797797,3.85548107333712e-21,20.4139214244975,1.36077508797797
13-HODE + 9-HODE,Metabolon HD4 [nt-ms],Lipid,"Fatty Acid, Monohydroxy",TRUE,FALSE,180,sld,-1.55406152577496,-1.36019793984462,0.000119337673518678,3.92322243295622,1.36019793984462
octanoylcarnitine,Metabolon HD4 [nt-ms],Lipid,Fatty Acid Metabolism(Acyl Carnitine),TRUE,TRUE,180,sld,-1.63186695704336,-1.3593289407325,1.4205124568493e-30,29.8475549534812,1.3593289407325
dopamine sulfate (2),Metabolon HD4 [nt-ms],Amino Acid,Phenylalanine and Tyrosine Metabolism,TRUE,TRUE,120,sld,0.806072804044985,1.35867857454766,4.58275911509251e-29,28.3388729701031,1.35867857454766
taurochenodeoxycholate,Metabolon HD4 [nt-ms],Lipid,Primary Bile Acid Metabolism,TRUE,TRUE,45,ogtt,-0.484988998698213,1.34814074265983,6.11691847972328e-06,5.21346730731359,1.34814074265983
2-hydroxydecanoate,Metabolon HD4 [nt-ms],Lipid,"Fatty Acid, Monohydroxy",TRUE,TRUE,180,oltt,0.474816435116176,1.34347022802792,1.6274731492721e-26,25.7884861678714,1.34347022802792
glycohyocholate,Metabolon HD4 [nt-ms],Lipid,Secondary Bile Acid Metabolism,TRUE,FALSE,240,oltt,0.826473890795903,1.34264709424555,7.97472336842482e-10,9.09828437305452,1.34264709424555
caffeine,Metabolon HD4 [nt-ms],Xenobiotics,Xanthine Metabolism,TRUE,TRUE,180,oltt,-0.0066198745934017,1.33294160067614,3.01241460242025e-26,25.5210852558605,1.33294160067614
dopamine sulfate (2),Metabolon HD4 [nt-ms],Amino Acid,Phenylalanine and Tyrosine Metabolism,TRUE,TRUE,240,sld,0.779029181401567,1.33163495190424,4.58275911509251e-29,28.3388729701031,1.33163495190424
15-methylpalmitate,Metabolon HD4 [nt-ms],Lipid,"Fatty Acid, Branched",TRUE,TRUE,120,sld,-1.46613592533544,-1.3311271133545,1.09748524491785e-12,11.9596013098957,1.3311271133545
insulin,In-house biochemistry [chem.],Hormones,Hormones,TRUE,TRUE,120,ogtt,3.70566185745566,1.33070408612404,3.82044034871412e-23,22.4178865768802,1.33070408612404
cinnamoylglycine,Metabolon HD4 [nt-ms],Xenobiotics,Food Component/Plant,TRUE,TRUE,120,oltt,-1.04690932770145,-1.32437542752211,8.85470156432984e-13,12.0528260715319,1.32437542752211
isovalerylglycine,Metabolon HD4 [nt-ms],Amino Acid,"Leucine, Isoleucine and Valine Metabolism",TRUE,FALSE,120,oltt,0.767641437842245,1.31981437442959,1.35596027575013e-32,31.8677530333858,1.31981437442959
taurolithocholate 3-sulfate,Metabolon HD4 [nt-ms],Lipid,Secondary Bile Acid Metabolism,TRUE,FALSE,240,sld,0.0934280046253435,1.3167620573994,8.68933704294485e-14,13.0610133569891,1.3167620573994
deoxycholate,Metabolon HD4 [nt-ms],Lipid,Secondary Bile Acid Metabolism,TRUE,FALSE,90,oltt,1.19926048952556,1.3163744220499,7.09529504442832e-07,6.14902954051617,1.3163744220499
caffeine,Metabolon HD4 [nt-ms],Xenobiotics,Xanthine Metabolism,TRUE,TRUE,90,oltt,-0.0246971085489565,1.31486436672059,3.01241460242025e-26,25.5210852558605,1.31486436672059
3-hydroxy-3-methylglutarate,Metabolon HD4 [nt-ms],Lipid,Mevalonate Metabolism,TRUE,FALSE,90,oltt,0.767737838798953,1.31344316543782,1.90567028469359e-40,39.719952237971,1.31344316543782
glycodeoxycholate sulfate,Metabolon HD4 [nt-ms],Lipid,Secondary Bile Acid Metabolism,TRUE,FALSE,180,sld,0.0938179511581279,1.30301657544361,7.43309735995839e-13,12.1288301786977,1.30301657544361
3-hydroxylaurate,Metabolon HD4 [nt-ms],Lipid,"Fatty Acid, Monohydroxy",TRUE,TRUE,120,sld,-1.76928268808481,-1.30092553077455,1.12789010127097e-07,6.94773321483564,1.30092553077455
glycochenodeoxycholate glucuronide (1),Metabolon HD4 [nt-ms],Lipid,Primary Bile Acid Metabolism,TRUE,FALSE,90,oltt,0.386144946322978,1.2986265795287,1.069374011152e-22,21.9708703747059,1.2986265795287
taurolithocholate 3-sulfate,Metabolon HD4 [nt-ms],Lipid,Secondary Bile Acid Metabolism,TRUE,FALSE,90,oltt,0.279439556917242,1.29763119926536,1.90076040150634e-17,16.7210726242507,1.29763119926536
isovalerylglycine,Metabolon HD4 [nt-ms],Amino Acid,"Leucine, Isoleucine and Valine Metabolism",TRUE,FALSE,180,sld,0.673726021018053,1.29444675515575,1.03775980685e-18,17.9839031538389,1.29444675515575
cinnamoylglycine,Metabolon HD4 [nt-ms],Xenobiotics,Food Component/Plant,TRUE,TRUE,180,oltt,-1.01201490269163,-1.2894810025123,8.85470156432984e-13,12.0528260715319,1.2894810025123
caffeine,Metabolon HD4 [nt-ms],Xenobiotics,Xanthine Metabolism,TRUE,TRUE,240,sld,0.568866288985548,1.28768390233292,9.04162479584727e-07,6.04375351903077,1.28768390233292
taurolithocholate 3-sulfate,Metabolon HD4 [nt-ms],Lipid,Secondary Bile Acid Metabolism,TRUE,FALSE,120,sld,0.0623340570863317,1.28566810986039,8.68933704294485e-14,13.0610133569891,1.28566810986039
15-methylpalmitate,Metabolon HD4 [nt-ms],Lipid,"Fatty Acid, Branched",TRUE,TRUE,90,ogtt,-1.10480891147268,-1.27803498765788,2.21995002833181e-13,12.6536568015241,1.27803498765788
2-linoleoyl-GPE (18:2)*,Metabolon HD4 [nt-ms],Lipid,Lysolipid,TRUE,FALSE,240,sld,0.394209721142857,1.27750886833858,1.20617050795119e-24,23.9185912946602,1.27750886833858
laurate (12:0),Metabolon HD4 [nt-ms],Lipid,Medium Chain Fatty Acid,TRUE,TRUE,90,ogtt,-1.10687077760087,-1.26936289568985,3.34424818024307e-14,13.4757015005779,1.26936289568985
decanoylcarnitine,Metabolon HD4 [nt-ms],Lipid,Fatty Acid Metabolism(Acyl Carnitine),TRUE,TRUE,90,ogtt,-1.18972686527732,-1.26892906203108,2.18479981499624e-13,12.6605883496434,1.26892906203108
5-dodecenoate (12:1n7),Metabolon HD4 [nt-ms],Lipid,Medium Chain Fatty Acid,TRUE,TRUE,60,sld,-1.36336335373007,-1.26511086225519,1.06550985040872e-18,17.9724425309724,1.26511086225519
taurocholate,Metabolon HD4 [nt-ms],Lipid,Primary Bile Acid Metabolism,TRUE,FALSE,30,ogtt,-0.114502902521881,1.26003787416898,0.0189162656675021,1.72316459521064,1.26003787416898
glycochenodeoxycholate sulfate,Metabolon HD4 [nt-ms],Lipid,Primary Bile Acid Metabolism,TRUE,FALSE,240,oltt,0.448918072197605,1.25841823765069,1.17590586410856e-12,11.9296274438505,1.25841823765069
1-linoleoyl-GPE (18:2)*,Metabolon HD4 [nt-ms],Lipid,Lysolipid,TRUE,TRUE,180,sld,0.461855368577927,1.25504667486088,1.92728208857045e-54,53.715054714746,1.25504667486088
3-hydroxylaurate,Metabolon HD4 [nt-ms],Lipid,"Fatty Acid, Monohydroxy",TRUE,TRUE,60,ogtt,-1.35169699548798,-1.25389864054921,6.2126666002874e-09,8.20672195196238,1.25389864054921
2-linoleoyl-GPE (18:2)*,Metabolon HD4 [nt-ms],Lipid,Lysolipid,TRUE,FALSE,180,sld,0.370591896247133,1.25389104344286,1.20617050795119e-24,23.9185912946602,1.25389104344286
methionine sulfoxide,Metabolon HD4 [nt-ms],Amino Acid,"Methionine, Cysteine, SAM and Taurine Metabolism",TRUE,TRUE,60,sld,0.560468360696872,1.25158879725638,6.85749924204546e-23,22.1638342317257,1.25158879725638
17-methylstearate,Metabolon HD4 [nt-ms],Lipid,"Fatty Acid, Branched",TRUE,TRUE,120,oltt,-0.452285153574574,-1.25148471668959,1.01749676429795e-14,13.9924669631836,1.25148471668959
cholate,Metabolon HD4 [nt-ms],Lipid,Primary Bile Acid Metabolism,TRUE,FALSE,90,oltt,0.586121835904868,1.25051182847093,2.73903515168176e-12,11.5624023941486,1.25051182847093
15-methylpalmitate,Metabolon HD4 [nt-ms],Lipid,"Fatty Acid, Branched",TRUE,TRUE,60,oltt,-0.114585839278414,-1.24754049277275,1.62259779153934e-26,25.7897891194607,1.24754049277275
glycolithocholate sulfate*,Metabolon HD4 [nt-ms],Lipid,Secondary Bile Acid Metabolism,TRUE,FALSE,90,oltt,0.357696040216672,1.24721136054705,2.89969779760569e-19,18.537647261298,1.24721136054705
2-hydroxydecanoate,Metabolon HD4 [nt-ms],Lipid,"Fatty Acid, Monohydroxy",TRUE,TRUE,90,oltt,0.372744563494266,1.24139835640601,1.6274731492721e-26,25.7884861678714,1.24139835640601
glycolithocholate,Metabolon HD4 [nt-ms],Lipid,Secondary Bile Acid Metabolism,TRUE,FALSE,180,sld,0.809743000690247,1.24121196228808,3.99021326131431e-11,10.3990038923491,1.24121196228808
1-oleoyl-GPE (18:1),Metabolon HD4 [nt-ms],Lipid,Lysolipid,TRUE,FALSE,180,oltt,0.673403394249863,1.23717487605891,7.16035814818993e-51,50.1450652545228,1.23717487605891
cinnamoylglycine,Metabolon HD4 [nt-ms],Xenobiotics,Food Component/Plant,TRUE,TRUE,180,sld,-0.970458342957651,-1.23655431580894,2.39853770130756e-13,12.620053450706,1.23655431580894
phytanate,Metabolon HD4 [nt-ms],Xenobiotics,Food Component/Plant,TRUE,TRUE,240,oltt,-0.425766555078481,-1.23546014927759,6.99949853805766e-17,16.1549330728365,1.23546014927759
3-hydroxylaurate,Metabolon HD4 [nt-ms],Lipid,"Fatty Acid, Monohydroxy",TRUE,TRUE,45,ogtt,-1.3273539401764,-1.22955558523763,6.2126666002874e-09,8.20672195196238,1.22955558523763
azelate (nonanedioate),Metabolon HD4 [nt-ms],Lipid,"Fatty Acid, Dicarboxylate",TRUE,FALSE,90,oltt,1.34240147293834,1.2260351126122,9.65684393117492e-10,9.01516478737667,1.2260351126122
cortisol,Metabolon HD4 [nt-ms],Lipid,Steroid,TRUE,FALSE,240,oltt,-0.305146013363821,-1.22595178790788,3.94258927898335e-37,36.4042184633939,1.22595178790788
decanoylcarnitine,Metabolon HD4 [nt-ms],Lipid,Fatty Acid Metabolism(Acyl Carnitine),TRUE,TRUE,120,ogtt,-1.14444605841475,-1.2236482551685,2.18479981499624e-13,12.6605883496434,1.2236482551685
1-linoleoyl-GPE (18:2)*,Metabolon HD4 [nt-ms],Lipid,Lysolipid,TRUE,TRUE,240,sld,0.430417818963691,1.22360912524664,1.92728208857045e-54,53.715054714746,1.22360912524664
glycolithocholate sulfate*,Metabolon HD4 [nt-ms],Lipid,Secondary Bile Acid Metabolism,TRUE,FALSE,180,oltt,0.332844086049158,1.22235940637954,2.89969779760569e-19,18.537647261298,1.22235940637954
glycohyocholate,Metabolon HD4 [nt-ms],Lipid,Secondary Bile Acid Metabolism,TRUE,FALSE,240,sld,0.279947637457182,1.22234398655764,5.01269628807689e-07,6.29992860785614,1.22234398655764
glycodeoxycholate sulfate,Metabolon HD4 [nt-ms],Lipid,Secondary Bile Acid Metabolism,TRUE,FALSE,240,sld,0.0130497034296305,1.22224832771511,7.43309735995839e-13,12.1288301786977,1.22224832771511
deoxycholate,Metabolon HD4 [nt-ms],Lipid,Secondary Bile Acid Metabolism,TRUE,FALSE,120,oltt,1.10465829298563,1.22177222550997,7.09529504442832e-07,6.14902954051617,1.22177222550997
glycochenodeoxycholate sulfate,Metabolon HD4 [nt-ms],Lipid,Primary Bile Acid Metabolism,TRUE,FALSE,180,oltt,0.412014980447451,1.22151514590054,1.17590586410856e-12,11.9296274438505,1.22151514590054
cinnamoylglycine,Metabolon HD4 [nt-ms],Xenobiotics,Food Component/Plant,TRUE,TRUE,90,oltt,-0.943174087670936,-1.2206401874916,8.85470156432984e-13,12.0528260715319,1.2206401874916
laurate (12:0),Metabolon HD4 [nt-ms],Lipid,Medium Chain Fatty Acid,TRUE,TRUE,180,sld,-1.13541685222405,-1.22053650570985,2.45195793837366e-21,20.6104869841083,1.22053650570985
laurate (12:0),Metabolon HD4 [nt-ms],Lipid,Medium Chain Fatty Acid,TRUE,TRUE,120,ogtt,-1.05778420756905,-1.22027632565803,3.34424818024307e-14,13.4757015005779,1.22027632565803
glycochenodeoxycholate sulfate,Metabolon HD4 [nt-ms],Lipid,Primary Bile Acid Metabolism,TRUE,FALSE,120,oltt,0.408220267390214,1.2177204328433,1.17590586410856e-12,11.9296274438505,1.2177204328433
pristanate,Metabolon HD4 [nt-ms],Lipid,"Fatty Acid, Branched",TRUE,FALSE,120,sld,-1.26267214854551,-1.21627402805299,2.86010895089693e-10,9.54361742285973,1.21627402805299
laurate (12:0),Metabolon HD4 [nt-ms],Lipid,Medium Chain Fatty Acid,TRUE,TRUE,60,sld,-1.12891355678509,-1.21403321027089,2.45195793837366e-21,20.6104869841083,1.21403321027089
3-hydroxypyridine sulfate,Metabolon HD4 [nt-ms],Xenobiotics,Chemical,TRUE,TRUE,90,oltt,-0.0357713559996756,1.21368297703873,3.69519699657279e-24,23.4323624037525,1.21368297703873
13-HODE + 9-HODE,Metabolon HD4 [nt-ms],Lipid,"Fatty Acid, Monohydroxy",TRUE,FALSE,30,oltt,-0.372968078780211,-1.21251596361904,1.37709895446889e-05,4.86103485143827,1.21251596361904
glycolithocholate sulfate*,Metabolon HD4 [nt-ms],Lipid,Secondary Bile Acid Metabolism,TRUE,FALSE,180,sld,0.371926410902534,1.20591061697363,7.4143298722154e-09,8.12992809560671,1.20591061697363
hydantoin-5-propionic acid,Metabolon HD4 [nt-ms],Amino Acid,Histidine Metabolism,TRUE,TRUE,120,sld,0.404211230169534,1.20393019554566,2.59003479884401e-11,10.5866944008437,1.20393019554566
phytanate,Metabolon HD4 [nt-ms],Xenobiotics,Food Component/Plant,TRUE,TRUE,240,sld,-1.14944687943953,-1.20245944418275,1.94459960208372e-21,20.7111698074522,1.20245944418275
17-methylstearate,Metabolon HD4 [nt-ms],Lipid,"Fatty Acid, Branched",TRUE,TRUE,180,oltt,-0.398884472826211,-1.19808403594122,1.01749676429795e-14,13.9924669631836,1.19808403594122
N-palmitoyl glycine,Metabolon HD4 [nt-ms],Lipid,Fatty Acid Metabolism(Acyl Glycine),TRUE,FALSE,180,oltt,-0.358365537608957,-1.1972879650517,1.61148555835269e-13,12.7927735821503,1.1972879650517
N-formylphenylalanine,Metabolon HD4 [nt-ms],Amino Acid,Phenylalanine and Tyrosine Metabolism,TRUE,FALSE,120,sld,0.495314453585306,1.19508311565511,2.84079073470893e-08,7.54656075716355,1.19508311565511
5-dodecenoate (12:1n7),Metabolon HD4 [nt-ms],Lipid,Medium Chain Fatty Acid,TRUE,TRUE,60,oltt,-0.441218534939114,-1.19414425960388,6.60671737590287e-19,18.1800142711713,1.19414425960388
5-dodecenoate (12:1n7),Metabolon HD4 [nt-ms],Lipid,Medium Chain Fatty Acid,TRUE,TRUE,60,ogtt,-1.03902256852108,-1.19375052586011,3.12971130473116e-16,15.5044957214135,1.19375052586011
caffeine,Metabolon HD4 [nt-ms],Xenobiotics,Xanthine Metabolism,TRUE,TRUE,240,oltt,-0.146700605710309,1.19286086955924,3.01241460242025e-26,25.5210852558605,1.19286086955924
3-hydroxylaurate,Metabolon HD4 [nt-ms],Lipid,"Fatty Acid, Monohydroxy",TRUE,TRUE,180,sld,-1.66077770521159,-1.19242054790134,1.12789010127097e-07,6.94773321483564,1.19242054790134
caprate (10:0),Metabolon HD4 [nt-ms],Lipid,Medium Chain Fatty Acid,TRUE,TRUE,120,oltt,-0.823470624025276,-1.19147284091186,3.1044382792225e-17,16.5080169701422,1.19147284091186
fructose,Metabolon HD4 [nt-ms],Carbohydrate,"Fructose, Mannose and Galactose Metabolism",TRUE,FALSE,90,oltt,0.875425860537288,1.18621934661942,2.42627684798018e-14,13.6150596458889,1.18621934661942
phytanate,Metabolon HD4 [nt-ms],Xenobiotics,Food Component/Plant,TRUE,TRUE,180,oltt,-0.375831118366387,-1.18552471256549,6.99949853805766e-17,16.1549330728365,1.18552471256549
2-oleoyl-GPE (18:1)*,Metabolon HD4 [nt-ms],Lipid,Lysolipid,TRUE,FALSE,180,sld,0.0628216503265231,1.18460798777564,1.06068115378244e-21,20.9744151476384,1.18460798777564
2-hydroxydecanoate,Metabolon HD4 [nt-ms],Lipid,"Fatty Acid, Monohydroxy",TRUE,TRUE,120,sld,0.190182301955542,1.18147619094211,1.71941504259774e-20,19.7646192780813,1.18147619094211
glycocholate,Metabolon HD4 [nt-ms],Lipid,Primary Bile Acid Metabolism,TRUE,TRUE,45,ogtt,-0.255840579395462,1.181093991186,4.11489616242005e-08,7.38564111954211,1.181093991186
3-hydroxylaurate,Metabolon HD4 [nt-ms],Lipid,"Fatty Acid, Monohydroxy",TRUE,TRUE,180,ogtt,-1.27748085347471,-1.17968249853594,6.2126666002874e-09,8.20672195196238,1.17968249853594
5-dodecenoate (12:1n7),Metabolon HD4 [nt-ms],Lipid,Medium Chain Fatty Acid,TRUE,TRUE,45,ogtt,-1.02249226075773,-1.17722021809676,3.12971130473116e-16,15.5044957214135,1.17722021809676
cinnamoylglycine,Metabolon HD4 [nt-ms],Xenobiotics,Food Component/Plant,TRUE,TRUE,120,sld,-0.910761174497785,-1.17685714734907,2.39853770130756e-13,12.620053450706,1.17685714734907
methionine sulfoxide,Metabolon HD4 [nt-ms],Amino Acid,"Methionine, Cysteine, SAM and Taurine Metabolism",TRUE,TRUE,240,sld,0.483771253672104,1.17489169023161,6.85749924204546e-23,22.1638342317257,1.17489169023161
glycocholate,Metabolon HD4 [nt-ms],Lipid,Primary Bile Acid Metabolism,TRUE,TRUE,90,ogtt,-0.262317921841732,1.17461664873973,4.11489616242005e-08,7.38564111954211,1.17461664873973
tyramine O-sulfate,Metabolon HD4 [nt-ms],Amino Acid,Phenylalanine and Tyrosine Metabolism,TRUE,FALSE,180,sld,0.757102899093802,1.17242788077741,6.95468589137559e-15,14.157722480154,1.17242788077741
DSGEGDFXAEGGGVR*,Metabolon HD4 [nt-ms],Peptide,Fibrinogen Cleavage Peptide,TRUE,FALSE,90,ogtt,1.17566909787365,1.16974579705195,9.46338060228131e-07,6.02395369291674,1.16974579705195
glycolithocholate sulfate*,Metabolon HD4 [nt-ms],Lipid,Secondary Bile Acid Metabolism,TRUE,FALSE,120,sld,0.334787026246662,1.16877123231776,7.4143298722154e-09,8.12992809560671,1.16877123231776
glycochenodeoxycholate sulfate,Metabolon HD4 [nt-ms],Lipid,Primary Bile Acid Metabolism,TRUE,FALSE,240,sld,0.186306040839884,1.16624366016855,2.1753756779201e-10,9.66246573146392,1.16624366016855
glycochenodeoxycholate,Metabolon HD4 [nt-ms],Lipid,Primary Bile Acid Metabolism,TRUE,TRUE,90,ogtt,-0.419184391081552,1.16507832515851,1.47008131252078e-06,5.83265864307329,1.16507832515851
tyramine O-sulfate,Metabolon HD4 [nt-ms],Amino Acid,Phenylalanine and Tyrosine Metabolism,TRUE,FALSE,120,sld,0.748818525991594,1.16414350767521,6.95468589137559e-15,14.157722480154,1.16414350767521
glycolithocholate,Metabolon HD4 [nt-ms],Lipid,Secondary Bile Acid Metabolism,TRUE,FALSE,240,oltt,0.701924586756724,1.16273664126906,4.78110148517374e-12,11.3204720377342,1.16273664126906
gamma-glutamylmethionine,Metabolon HD4 [nt-ms],Peptide,Gamma-glutamyl Amino Acid,TRUE,TRUE,120,sld,0.59177826355878,1.16224841099587,2.45865768711726e-13,12.6093019328085,1.16224841099587
3-hydroxypyridine sulfate,Metabolon HD4 [nt-ms],Xenobiotics,Chemical,TRUE,TRUE,180,oltt,-0.0881118836478691,1.16134244939054,3.69519699657279e-24,23.4323624037525,1.16134244939054
phytanate,Metabolon HD4 [nt-ms],Xenobiotics,Food Component/Plant,TRUE,TRUE,180,ogtt,-0.395851885581332,-1.16075935429508,8.82326033308818e-16,15.0543709065881,1.16075935429508
3-hydroxy-3-methylglutarate,Metabolon HD4 [nt-ms],Lipid,Mevalonate Metabolism,TRUE,FALSE,180,oltt,0.610897068052348,1.15660239469121,1.90567028469359e-40,39.719952237971,1.15660239469121
3-hydroxybutyrate (BHBA),Metabolon HD4 [nt-ms],Lipid,Ketone Bodies,TRUE,FALSE,180,oltt,-0.868093768513775,-1.15614961620102,1.44429845360874e-12,11.8403430537454,1.15614961620102
oleoyl ethanolamide,Metabolon HD4 [nt-ms],Lipid,Endocannabinoid,TRUE,TRUE,240,oltt,-0.294659146093906,-1.15171650220559,1.1410885308614e-12,11.9426806597246,1.15171650220559
1-oleoyl-GPE (18:1),Metabolon HD4 [nt-ms],Lipid,Lysolipid,TRUE,FALSE,120,sld,-0.179866982436545,1.15113292014192,4.91493555119317e-67,66.3084821726324,1.15113292014192
glycoursodeoxycholate,Metabolon HD4 [nt-ms],Lipid,Secondary Bile Acid Metabolism,TRUE,FALSE,30,oltt,0.222175192974675,1.14590058840281,5.83358951945765e-20,19.2340641332716,1.14590058840281
O-acetylhomoserine,Metabolon HD4 [nt-ms],Amino Acid,"Glycine, Serine and Threonine Metabolism",TRUE,FALSE,240,ogtt,1.29121475047768,-1.1453399366864,1.55181134277819e-32,31.8091610780331,1.1453399366864
N-formylphenylalanine,Metabolon HD4 [nt-ms],Amino Acid,Phenylalanine and Tyrosine Metabolism,TRUE,FALSE,180,sld,0.438609120380067,1.13837778244987,2.84079073470893e-08,7.54656075716355,1.13837778244987
myristoleoylcarnitine*,Metabolon HD4 [nt-ms],Lipid,Fatty Acid Metabolism(Acyl Carnitine),TRUE,TRUE,120,sld,-1.90253383544018,-1.13493869290928,1.42560342667333e-25,24.8460012694074,1.13493869290928
taurochenodeoxycholate,Metabolon HD4 [nt-ms],Lipid,Primary Bile Acid Metabolism,TRUE,TRUE,90,ogtt,-0.69941330603845,1.13371643531959,6.11691847972328e-06,5.21346730731359,1.13371643531959
7-methylxanthine,Metabolon HD4 [nt-ms],Xenobiotics,Xanthine Metabolism,TRUE,TRUE,60,sld,-1.4409420683642,1.13252880024616,7.86710136351011e-47,46.1041852541363,1.13252880024616
taurochenodeoxycholate,Metabolon HD4 [nt-ms],Lipid,Primary Bile Acid Metabolism,TRUE,TRUE,60,ogtt,-0.70261443958556,1.13051530177248,6.11691847972328e-06,5.21346730731359,1.13051530177248
4-hydroxyphenylpyruvate,Metabolon HD4 [nt-ms],Amino Acid,Phenylalanine and Tyrosine Metabolism,TRUE,FALSE,120,sld,0.446473550613694,1.12917695967534,4.17850687856583e-09,8.37897887857023,1.12917695967534
cholate,Metabolon HD4 [nt-ms],Lipid,Primary Bile Acid Metabolism,TRUE,FALSE,240,ogtt,-0.00565906594268396,-1.1262786204493,4.58187880957716e-06,5.338956402058,1.1262786204493
laurylcarnitine,Metabolon HD4 [nt-ms],Lipid,Fatty Acid Metabolism(Acyl Carnitine),TRUE,TRUE,120,ogtt,-0.95203153631425,-1.12554197949135,1.55536543360571e-14,13.8081675570211,1.12554197949135
3-hydroxydecanoate,Metabolon HD4 [nt-ms],Lipid,"Fatty Acid, Monohydroxy",TRUE,FALSE,60,ogtt,-1.33053956087716,-1.12466691532328,1.12798736740709e-15,14.9476957640904,1.12466691532328
glycochenodeoxycholate sulfate,Metabolon HD4 [nt-ms],Lipid,Primary Bile Acid Metabolism,TRUE,FALSE,180,sld,0.143914322948572,1.12385194227723,2.1753756779201e-10,9.66246573146392,1.12385194227723
cholate,Metabolon HD4 [nt-ms],Lipid,Primary Bile Acid Metabolism,TRUE,FALSE,120,oltt,0.458480608374375,1.12287060094044,2.73903515168176e-12,11.5624023941486,1.12287060094044
cinnamoylglycine,Metabolon HD4 [nt-ms],Xenobiotics,Food Component/Plant,TRUE,TRUE,120,ogtt,-0.569691613775813,-1.12208444107165,3.0857349587717e-08,7.51064137927292,1.12208444107165
glycochenodeoxycholate,Metabolon HD4 [nt-ms],Lipid,Primary Bile Acid Metabolism,TRUE,TRUE,30,ogtt,-0.464173682568377,1.12008903367168,1.47008131252078e-06,5.83265864307329,1.12008903367168
3-hydroxyoctanoate,Metabolon HD4 [nt-ms],Lipid,"Fatty Acid, Monohydroxy",TRUE,TRUE,120,ogtt,-1.61828006184857,-1.1178976058075,2.35383254031281e-13,12.6282244375865,1.1178976058075
glycolithocholate,Metabolon HD4 [nt-ms],Lipid,Secondary Bile Acid Metabolism,TRUE,FALSE,180,oltt,0.656790743194018,1.11760279770635,4.78110148517374e-12,11.3204720377342,1.11760279770635
O-acetylhomoserine,Metabolon HD4 [nt-ms],Amino Acid,"Glycine, Serine and Threonine Metabolism",TRUE,FALSE,240,sld,0.174391571477436,-1.11682317900025,2.4943816390454e-24,23.6030370989523,1.11682317900025
laurate (12:0),Metabolon HD4 [nt-ms],Lipid,Medium Chain Fatty Acid,TRUE,TRUE,30,oltt,-0.246318414378371,-1.11665663062104,3.85548107333712e-21,20.4139214244975,1.11665663062104
3-hydroxybutyrate (BHBA),Metabolon HD4 [nt-ms],Lipid,Ketone Bodies,TRUE,FALSE,60,oltt,-0.828588370076542,-1.11664421776379,1.44429845360874e-12,11.8403430537454,1.11664421776379
palmitoyl ethanolamide,Metabolon HD4 [nt-ms],Lipid,Endocannabinoid,TRUE,TRUE,120,oltt,-0.381237255620672,-1.11351070519181,4.27019526015872e-13,12.3695522658484,1.11351070519181
lanthionine,Metabolon HD4 [nt-ms],Xenobiotics,Chemical,TRUE,FALSE,180,sld,0.426156339863927,1.11306463132432,9.86678848761517e-30,29.0058241815824,1.11306463132432
mannose,Metabolon HD4 [nt-ms],Carbohydrate,"Fructose, Mannose and Galactose Metabolism",TRUE,TRUE,120,ogtt,-0.579328014241094,-1.11200299554915,1.87388492884241e-35,34.7272570816997,1.11200299554915
isovalerylglycine,Metabolon HD4 [nt-ms],Amino Acid,"Leucine, Isoleucine and Valine Metabolism",TRUE,FALSE,90,oltt,0.555321594715929,1.10749453130327,1.35596027575013e-32,31.8677530333858,1.10749453130327
azelate (nonanedioate),Metabolon HD4 [nt-ms],Lipid,"Fatty Acid, Dicarboxylate",TRUE,FALSE,120,oltt,1.22049782330916,1.10413146298302,9.65684393117492e-10,9.01516478737667,1.10413146298302
glycochenodeoxycholate,Metabolon HD4 [nt-ms],Lipid,Primary Bile Acid Metabolism,TRUE,TRUE,45,ogtt,-0.483592997410331,1.10066971882973,1.47008131252078e-06,5.83265864307329,1.10066971882973
15-methylpalmitate,Metabolon HD4 [nt-ms],Lipid,"Fatty Acid, Branched",TRUE,TRUE,180,sld,-1.23441237365111,-1.09940356167017,1.09748524491785e-12,11.9596013098957,1.09940356167017
glycocholate,Metabolon HD4 [nt-ms],Lipid,Primary Bile Acid Metabolism,TRUE,TRUE,60,ogtt,-0.339153680411162,1.0977808901703,4.11489616242005e-08,7.38564111954211,1.0977808901703
caprate (10:0),Metabolon HD4 [nt-ms],Lipid,Medium Chain Fatty Acid,TRUE,TRUE,120,ogtt,-0.98949311252861,-1.09538149387752,2.15258029938749e-07,6.66704063874519,1.09538149387752
15-methylpalmitate,Metabolon HD4 [nt-ms],Lipid,"Fatty Acid, Branched",TRUE,TRUE,120,ogtt,-0.921430641226801,-1.094656717412,2.21995002833181e-13,12.6536568015241,1.094656717412
2-hydroxydecanoate,Metabolon HD4 [nt-ms],Lipid,"Fatty Acid, Monohydroxy",TRUE,TRUE,60,oltt,0.225583904820669,1.09423769773241,1.6274731492721e-26,25.7884861678714,1.09423769773241
"3,7-dimethylurate",Metabolon HD4 [nt-ms],Xenobiotics,Xanthine Metabolism,TRUE,FALSE,120,sld,-0.39865863698765,1.09263416569565,2.05216698950829e-25,24.6877873025898,1.09263416569565
isovalerylglycine,Metabolon HD4 [nt-ms],Amino Acid,"Leucine, Isoleucine and Valine Metabolism",TRUE,FALSE,180,oltt,0.53901368633639,1.09118662292373,1.35596027575013e-32,31.8677530333858,1.09118662292373
2-hydroxyoctanoate,Metabolon HD4 [nt-ms],Lipid,"Fatty Acid, Monohydroxy",TRUE,FALSE,180,sld,0.20634073559101,1.09116113157116,3.44305553888405e-18,17.4630559717663,1.09116113157116
2-hydroxydecanoate,Metabolon HD4 [nt-ms],Lipid,"Fatty Acid, Monohydroxy",TRUE,TRUE,120,oltt,0.215103418748257,1.08375721166,1.6274731492721e-26,25.7884861678714,1.08375721166
palmitoyl ethanolamide,Metabolon HD4 [nt-ms],Lipid,Endocannabinoid,TRUE,TRUE,180,oltt,-0.347993088156746,-1.08026653772788,4.27019526015872e-13,12.3695522658484,1.08026653772788
glycohyocholate,Metabolon HD4 [nt-ms],Lipid,Secondary Bile Acid Metabolism,TRUE,FALSE,60,oltt,0.560344957218594,1.07651816066824,7.97472336842482e-10,9.09828437305452,1.07651816066824
insulin,In-house biochemistry [chem.],Hormones,Hormones,TRUE,TRUE,30,oltt,3.72453367111621,1.06544509317443,1.64243535892707e-33,32.7845117138922,1.06544509317443
2-hydroxydecanoate,Metabolon HD4 [nt-ms],Lipid,"Fatty Acid, Monohydroxy",TRUE,TRUE,180,sld,0.0665417430639247,1.05783563205049,1.71941504259774e-20,19.7646192780813,1.05783563205049
octanoylcarnitine,Metabolon HD4 [nt-ms],Lipid,Fatty Acid Metabolism(Acyl Carnitine),TRUE,TRUE,90,ogtt,-1.06536571324483,-1.05749703219823,6.0629686901331e-11,10.2173146745058,1.05749703219823
fructose,Metabolon HD4 [nt-ms],Carbohydrate,"Fructose, Mannose and Galactose Metabolism",TRUE,FALSE,120,oltt,0.746283128169002,1.05707661425113,2.42627684798018e-14,13.6150596458889,1.05707661425113
3-hydroxypyridine sulfate,Metabolon HD4 [nt-ms],Xenobiotics,Chemical,TRUE,TRUE,120,sld,0.823150410189033,1.05516478168661,3.36551314021355e-10,9.47294870945693,1.05516478168661
1-linoleoyl-GPE (18:2)*,Metabolon HD4 [nt-ms],Lipid,Lysolipid,TRUE,TRUE,120,sld,0.260055276804238,1.05324658308719,1.92728208857045e-54,53.715054714746,1.05324658308719
myristoleoylcarnitine*,Metabolon HD4 [nt-ms],Lipid,Fatty Acid Metabolism(Acyl Carnitine),TRUE,TRUE,120,ogtt,-1.60287277299774,-1.05250831002682,1.06685029826741e-13,12.9718965170307,1.05250831002682
glycolithocholate sulfate*,Metabolon HD4 [nt-ms],Lipid,Secondary Bile Acid Metabolism,TRUE,FALSE,240,oltt,0.161421375488483,1.05093669581887,2.89969779760569e-19,18.537647261298,1.05093669581887
caprate (10:0),Metabolon HD4 [nt-ms],Lipid,Medium Chain Fatty Acid,TRUE,TRUE,90,ogtt,-0.943410557004146,-1.04929893835305,2.15258029938749e-07,6.66704063874519,1.04929893835305
17-methylstearate,Metabolon HD4 [nt-ms],Lipid,"Fatty Acid, Branched",TRUE,TRUE,240,oltt,-0.247675304412612,-1.04687486752762,1.01749676429795e-14,13.9924669631836,1.04687486752762
uridine,Metabolon HD4 [nt-ms],Nucleotide,"Pyrimidine Metabolism, Uracil containing",TRUE,FALSE,180,sld,-0.830343429130365,-1.04583850028401,1.88083691031016e-48,47.7256488610276,1.04583850028401
17-methylstearate,Metabolon HD4 [nt-ms],Lipid,"Fatty Acid, Branched",TRUE,TRUE,120,sld,-1.24828346636414,-1.04489839317645,2.07052423520343e-09,8.68391968177425,1.04489839317645
3-hydroxydecanoate,Metabolon HD4 [nt-ms],Lipid,"Fatty Acid, Monohydroxy",TRUE,FALSE,180,ogtt,-1.25048020053423,-1.04460755498035,1.12798736740709e-15,14.9476957640904,1.04460755498035
ursodeoxycholate,Metabolon HD4 [nt-ms],Lipid,Secondary Bile Acid Metabolism,TRUE,FALSE,240,oltt,0.606087711341839,1.04335837688058,3.68937883242591e-06,5.43304674830126,1.04335837688058
N-palmitoyl glycine,Metabolon HD4 [nt-ms],Lipid,Fatty Acid Metabolism(Acyl Glycine),TRUE,FALSE,240,oltt,-0.20262481049022,-1.04154723793296,1.61148555835269e-13,12.7927735821503,1.04154723793296
2-hydroxyoctanoate,Metabolon HD4 [nt-ms],Lipid,"Fatty Acid, Monohydroxy",TRUE,FALSE,240,sld,0.156400865047998,1.04122126102815,3.44305553888405e-18,17.4630559717663,1.04122126102815
2-hydroxyoctanoate,Metabolon HD4 [nt-ms],Lipid,"Fatty Acid, Monohydroxy",TRUE,FALSE,240,oltt,0.502075933459797,1.03874833241038,2.07939126205799e-25,24.6820637853365,1.03874833241038
2-hydroxydecanoate,Metabolon HD4 [nt-ms],Lipid,"Fatty Acid, Monohydroxy",TRUE,TRUE,240,sld,0.0453531644846788,1.03664705347124,1.71941504259774e-20,19.7646192780813,1.03664705347124
hydantoin-5-propionic acid,Metabolon HD4 [nt-ms],Amino Acid,Histidine Metabolism,TRUE,TRUE,180,sld,0.236234553831255,1.03595351920738,2.59003479884401e-11,10.5866944008437,1.03595351920738
17-methylstearate,Metabolon HD4 [nt-ms],Lipid,"Fatty Acid, Branched",TRUE,TRUE,90,oltt,-0.23226352954147,-1.03146309265648,1.01749676429795e-14,13.9924669631836,1.03146309265648
glycerol,Metabolon HD4 [nt-ms],Lipid,Glycerolipid Metabolism,TRUE,TRUE,90,ogtt,-1.25597486074439,-1.02919910536689,1.48581708934179e-05,4.82803465085732,1.02919910536689
dopamine sulfate (2),Metabolon HD4 [nt-ms],Amino Acid,Phenylalanine and Tyrosine Metabolism,TRUE,TRUE,90,oltt,0.147460874305637,1.02840861830427,1.32176713703335e-80,79.8788450501525,1.02840861830427
glycodeoxycholate sulfate,Metabolon HD4 [nt-ms],Lipid,Secondary Bile Acid Metabolism,TRUE,FALSE,120,sld,-0.181531381260556,1.02766724302493,7.43309735995839e-13,12.1288301786977,1.02766724302493
glycohyocholate,Metabolon HD4 [nt-ms],Lipid,Secondary Bile Acid Metabolism,TRUE,FALSE,180,oltt,0.510792400765527,1.02696560421517,7.97472336842482e-10,9.09828437305452,1.02696560421517
mannose,Metabolon HD4 [nt-ms],Carbohydrate,"Fructose, Mannose and Galactose Metabolism",TRUE,TRUE,90,ogtt,-0.49289208769967,-1.02556706900773,1.87388492884241e-35,34.7272570816997,1.02556706900773
phytanate,Metabolon HD4 [nt-ms],Xenobiotics,Food Component/Plant,TRUE,TRUE,90,ogtt,-0.25848267480647,-1.02339014352022,8.82326033308818e-16,15.0543709065881,1.02339014352022
spermidine,Metabolon HD4 [nt-ms],Amino Acid,Polyamine Metabolism,TRUE,FALSE,120,oltt,-0.350718729482673,-1.01898086715511,5.03709132297799e-19,18.2978201752678,1.01898086715511
3-hydroxylaurate,Metabolon HD4 [nt-ms],Lipid,"Fatty Acid, Monohydroxy",TRUE,TRUE,60,sld,-1.48624283460777,-1.01788567729751,1.12789010127097e-07,6.94773321483564,1.01788567729751
isovalerylglycine,Metabolon HD4 [nt-ms],Amino Acid,"Leucine, Isoleucine and Valine Metabolism",TRUE,FALSE,60,sld,0.396849963891613,1.01757069802931,1.03775980685e-18,17.9839031538389,1.01757069802931
octanoylcarnitine,Metabolon HD4 [nt-ms],Lipid,Fatty Acid Metabolism(Acyl Carnitine),TRUE,TRUE,120,ogtt,-1.02325640030012,-1.01538771925352,6.0629686901331e-11,10.2173146745058,1.01538771925352
laurylcarnitine,Metabolon HD4 [nt-ms],Lipid,Fatty Acid Metabolism(Acyl Carnitine),TRUE,TRUE,90,ogtt,-0.839803168784102,-1.0133136119612,1.55536543360571e-14,13.8081675570211,1.0133136119612
caprate (10:0),Metabolon HD4 [nt-ms],Lipid,Medium Chain Fatty Acid,TRUE,TRUE,90,oltt,-0.645301153553645,-1.01330337044023,3.1044382792225e-17,16.5080169701422,1.01330337044023
ursodeoxycholate,Metabolon HD4 [nt-ms],Lipid,Secondary Bile Acid Metabolism,TRUE,FALSE,240,sld,0.215263041226382,1.01297675860201,0.00513667861604456,2.28931760570737,1.01297675860201
taurocholate,Metabolon HD4 [nt-ms],Lipid,Primary Bile Acid Metabolism,TRUE,FALSE,45,ogtt,-0.362499986545457,1.01204079014541,0.0189162656675021,1.72316459521064,1.01204079014541
pristanate,Metabolon HD4 [nt-ms],Lipid,"Fatty Acid, Branched",TRUE,FALSE,120,ogtt,-0.676281708253508,-1.00479762774033,9.50483498689894e-12,11.0220554185041,1.00479762774033
3-hydroxyoctanoate,Metabolon HD4 [nt-ms],Lipid,"Fatty Acid, Monohydroxy",TRUE,TRUE,90,ogtt,-1.50420191349072,-1.00381945744965,2.35383254031281e-13,12.6282244375865,1.00381945744965
uridine,Metabolon HD4 [nt-ms],Nucleotide,"Pyrimidine Metabolism, Uracil containing",TRUE,FALSE,240,sld,-0.78730206093279,-1.00279713208643,1.88083691031016e-48,47.7256488610276,1.00279713208643
caprate (10:0),Metabolon HD4 [nt-ms],Lipid,Medium Chain Fatty Acid,TRUE,TRUE,120,sld,-1.1022288705884,-1.00182619616231,1.11468488774699e-14,13.9528478867452,1.00182619616231
ursodeoxycholate,Metabolon HD4 [nt-ms],Lipid,Secondary Bile Acid Metabolism,TRUE,FALSE,240,ogtt,-0.79771371737563,-1.00042581184908,0.00315924191711593,2.50041711697366,1.00042581184908
2-linoleoyl-GPE (18:2)*,Metabolon HD4 [nt-ms],Lipid,Lysolipid,TRUE,FALSE,120,sld,0.116881950284529,1.00018109748025,1.20617050795119e-24,23.9185912946602,1.00018109748025
1-oleoyl-GPE (18:1),Metabolon HD4 [nt-ms],Lipid,Lysolipid,TRUE,FALSE,120,oltt,0.414846848016585,0.97861832982563,7.16035814818993e-51,50.1450652545228,0.97861832982563
pro-hydroxy-pro,Metabolon HD4 [nt-ms],Amino Acid,Urea cycle; Arginine and Proline Metabolism,TRUE,TRUE,240,oltt,-0.243711664078881,-0.911279345865233,2.76501886843473e-78,77.5583019007321,0.911279345865233
"2,3-dihydroxyisovalerate",Metabolon HD4 [nt-ms],Xenobiotics,Food Component/Plant,TRUE,FALSE,180,oltt,0.318834625170551,0.896971017784231,1.02646537878157e-44,43.988655694182,0.896971017784231
"2,3-dihydroxyisovalerate",Metabolon HD4 [nt-ms],Xenobiotics,Food Component/Plant,TRUE,FALSE,120,oltt,0.213648581174471,0.79178497378815,1.02646537878157e-44,43.988655694182,0.79178497378815
homocitrulline,Metabolon HD4 [nt-ms],Amino Acid,Urea cycle; Arginine and Proline Metabolism,TRUE,FALSE,180,sld,0.388452019860398,0.786783501429007,2.68806686051946e-45,44.5705599332397,0.786783501429007
pro-hydroxy-pro,Metabolon HD4 [nt-ms],Amino Acid,Urea cycle; Arginine and Proline Metabolism,TRUE,TRUE,180,oltt,-0.118513788503082,-0.786081470289433,2.76501886843473e-78,77.5583019007321,0.786081470289433
uridine,Metabolon HD4 [nt-ms],Nucleotide,"Pyrimidine Metabolism, Uracil containing",TRUE,FALSE,120,sld,-0.530218174809002,-0.745713245962644,1.88083691031016e-48,47.7256488610276,0.745713245962644
"2,3-dihydroxyisovalerate",Metabolon HD4 [nt-ms],Xenobiotics,Food Component/Plant,TRUE,FALSE,240,oltt,0.147751278757326,0.725887671371006,1.02646537878157e-44,43.988655694182,0.725887671371006
homocitrulline,Metabolon HD4 [nt-ms],Amino Acid,Urea cycle; Arginine and Proline Metabolism,TRUE,FALSE,240,sld,0.298415432701505,0.696746914270114,2.68806686051946e-45,44.5705599332397,0.696746914270114
homocitrulline,Metabolon HD4 [nt-ms],Amino Acid,Urea cycle; Arginine and Proline Metabolism,TRUE,FALSE,120,sld,0.260437763162029,0.658769244730638,2.68806686051946e-45,44.5705599332397,0.658769244730638
dopamine sulfate (2),Metabolon HD4 [nt-ms],Amino Acid,Phenylalanine and Tyrosine Metabolism,TRUE,TRUE,60,oltt,-0.226778071737303,0.654169672261333,1.32176713703335e-80,79.8788450501525,0.654169672261333
pro-hydroxy-pro,Metabolon HD4 [nt-ms],Amino Acid,Urea cycle; Arginine and Proline Metabolism,TRUE,TRUE,120,oltt,0.0584940009344798,-0.609073680851872,2.76501886843473e-78,77.5583019007321,0.609073680851872
"2,3-dihydroxyisovalerate",Metabolon HD4 [nt-ms],Xenobiotics,Food Component/Plant,TRUE,FALSE,90,oltt,-0.0557360536668527,0.522400338946827,1.02646537878157e-44,43.988655694182,0.522400338946827
pro-hydroxy-pro,Metabolon HD4 [nt-ms],Amino Acid,Urea cycle; Arginine and Proline Metabolism,TRUE,TRUE,90,oltt,0.204778552994373,-0.462789128791978,2.76501886843473e-78,77.5583019007321,0.462789128791978
1-oleoyl-GPE (18:1),Metabolon HD4 [nt-ms],Lipid,Lysolipid,TRUE,FALSE,90,oltt,-0.114329090965718,0.449442390843328,7.16035814818993e-51,50.1450652545228,0.449442390843328
homocitrulline,Metabolon HD4 [nt-ms],Amino Acid,Urea cycle; Arginine and Proline Metabolism,TRUE,FALSE,60,sld,-0.0457425734480087,0.3525889081206,2.68806686051946e-45,44.5705599332397,0.3525889081206
1-linoleoyl-GPE (18:2)*,Metabolon HD4 [nt-ms],Lipid,Lysolipid,TRUE,TRUE,60,sld,-0.509514950119894,0.283676356163057,1.92728208857045e-54,53.715054714746,0.283676356163057
"2,3-dihydroxyisovalerate",Metabolon HD4 [nt-ms],Xenobiotics,Food Component/Plant,TRUE,FALSE,60,oltt,-0.324488889187306,0.253647503426374,1.02646537878157e-44,43.988655694182,0.253647503426374
dopamine sulfate (2),Metabolon HD4 [nt-ms],Amino Acid,Phenylalanine and Tyrosine Metabolism,TRUE,TRUE,30,oltt,-0.631478229298703,0.249469514699933,1.32176713703335e-80,79.8788450501525,0.249469514699933
pro-hydroxy-pro,Metabolon HD4 [nt-ms],Amino Acid,Urea cycle; Arginine and Proline Metabolism,TRUE,TRUE,60,oltt,0.483831121467175,-0.183736560319177,2.76501886843473e-78,77.5583019007321,0.183736560319177
1-oleoyl-GPE (18:1),Metabolon HD4 [nt-ms],Lipid,Lysolipid,TRUE,FALSE,60,sld,-1.18828904116928,0.142710861409177,4.91493555119317e-67,66.3084821726324,0.142710861409177
pro-hydroxy-pro,Metabolon HD4 [nt-ms],Amino Acid,Urea cycle; Arginine and Proline Metabolism,TRUE,TRUE,30,oltt,0.571491442081522,-0.0960762397048294,2.76501886843473e-78,77.5583019007321,0.0960762397048294
uridine,Metabolon HD4 [nt-ms],Nucleotide,"Pyrimidine Metabolism, Uracil containing",TRUE,FALSE,60,sld,0.126576578857098,-0.0889184922965447,1.88083691031016e-48,47.7256488610276,0.0889184922965447
"2,3-dihydroxyisovalerate",Metabolon HD4 [nt-ms],Xenobiotics,Food Component/Plant,TRUE,FALSE,30,oltt,-0.533375944844197,0.0447604477694834,1.02646537878157e-44,43.988655694182,0.0447604477694834
1-oleoyl-GPE (18:1),Metabolon HD4 [nt-ms],Lipid,Lysolipid,TRUE,FALSE,60,oltt,-0.528277381013503,0.0354941007955428,7.16035814818993e-51,50.1450652545228,0.0354941007955428
1-oleoyl-GPE (18:1),Metabolon HD4 [nt-ms],Lipid,Lysolipid,TRUE,FALSE,30,oltt,-0.583575445295877,-0.0198039634868313,7.16035814818993e-51,50.1450652545228,0.0198039634868313
1-linoleoyl-GPE (18:2)*,Metabolon HD4 [nt-ms],Lipid,Lysolipid,TRUE,TRUE,0,sld,-0.793191306282951,0,1.92728208857045e-54,53.715054714746,0
1-oleoyl-GPE (18:1),Metabolon HD4 [nt-ms],Lipid,Lysolipid,TRUE,FALSE,0,oltt,-0.563771481809046,0,7.16035814818993e-51,50.1450652545228,0
1-oleoyl-GPE (18:1),Metabolon HD4 [nt-ms],Lipid,Lysolipid,TRUE,FALSE,0,sld,-1.33099990257846,0,4.91493555119317e-67,66.3084821726324,0
"2,3-dihydroxyisovalerate",Metabolon HD4 [nt-ms],Xenobiotics,Food Component/Plant,TRUE,FALSE,0,oltt,-0.57813639261368,0,1.02646537878157e-44,43.988655694182,0
7-methylxanthine,Metabolon HD4 [nt-ms],Xenobiotics,Xanthine Metabolism,TRUE,TRUE,0,sld,-2.57347086861036,0,7.86710136351011e-47,46.1041852541363,0
dopamine sulfate (2),Metabolon HD4 [nt-ms],Amino Acid,Phenylalanine and Tyrosine Metabolism,TRUE,TRUE,0,oltt,-0.880947743998635,0,1.32176713703335e-80,79.8788450501525,0
homocitrulline,Metabolon HD4 [nt-ms],Amino Acid,Urea cycle; Arginine and Proline Metabolism,TRUE,FALSE,0,sld,-0.398331481568609,0,2.68806686051946e-45,44.5705599332397,0
pro-hydroxy-pro,Metabolon HD4 [nt-ms],Amino Acid,Urea cycle; Arginine and Proline Metabolism,TRUE,TRUE,0,oltt,0.667567681786352,0,2.76501886843473e-78,77.5583019007321,0
uridine,Metabolon HD4 [nt-ms],Nucleotide,"Pyrimidine Metabolism, Uracil containing",TRUE,FALSE,0,sld,0.215495071153642,0,1.88083691031016e-48,47.7256488610276,0
