"";"Metabolite";"SUPER.PATHWAY";"SUB.PATHWAY";"Fluid";"platform_name";"col_code"
"1";"C10 (decanoylcarnitine)";"Lipid";"Medium chain Acylcarnitines";"Plasma";"Biocrates p150 [t-ms]";"C10 (decanoylcarnitine)_biocrates"
"2";"C10:1 (decenoylcarnitine)";"Lipid";"Medium chain Acylcarnitines";"Plasma";"Biocrates p150 [t-ms]";"C10:1 (decenoylcarnitine)_biocrates"
"3";"C12 (dodecanoylcarnitine)";"Lipid";"Medium chain Acylcarnitines";"Plasma";"Biocrates p150 [t-ms]";"C12 (dodecanoylcarnitine)_biocrates"
"4";"C12:1 (dodecenoylcarnitine)";"Lipid";"Medium chain Acylcarnitines";"Plasma";"Biocrates p150 [t-ms]";"C12:1 (dodecenoylcarnitine)_biocrates"
"5";"C14 (tetradecanoylcarnitine)";"Lipid";"Long Chain Acylcarnitines";"Plasma";"Biocrates p150 [t-ms]";"C14 (tetradecanoylcarnitine)_biocrates"
"6";"C14:1 (tetradecenoylcarnitine)";"Lipid";"Long Chain Acylcarnitines";"Plasma";"Biocrates p150 [t-ms]";"C14:1 (tetradecenoylcarnitine)_biocrates"
"7";"C14:1-OH (hydroxytetradecenoylcarnitine)";"Lipid";"Long Chain Acylcarnitines";"Plasma";"Biocrates p150 [t-ms]";"C14:1-OH (hydroxytetradecenoylcarnitine)_biocrates"
"8";"C14:2 (tetradecadienylcarnitine)";"Lipid";"Long Chain Acylcarnitines";"Plasma";"Biocrates p150 [t-ms]";"C14:2 (tetradecadienylcarnitine)_biocrates"
"9";"C16 (hexadecanoylcarnitine)";"Lipid";"Long Chain Acylcarnitines";"Plasma";"Biocrates p150 [t-ms]";"C16 (hexadecanoylcarnitine)_biocrates"
"10";"C16-OH (hydroxyhexadecanoylcarnitine)";"Lipid";"Long Chain Acylcarnitines";"Plasma";"Biocrates p150 [t-ms]";"C16-OH (hydroxyhexadecanoylcarnitine)_biocrates"
"11";"C16:1-OH (hexadecenoylcarnitine)";"Lipid";"Long Chain Acylcarnitines";"Plasma";"Biocrates p150 [t-ms]";"C16:1-OH (hexadecenoylcarnitine)_biocrates"
"12";"C16:2 (hexadecadienylcarnitine)";"Lipid";"Long Chain Acylcarnitines";"Plasma";"Biocrates p150 [t-ms]";"C16:2 (hexadecadienylcarnitine)_biocrates"
"13";"C16:2-OH (hydroxyhexadecadienylcarnitine)";"Lipid";"Long Chain Acylcarnitines";"Plasma";"Biocrates p150 [t-ms]";"C16:2-OH (hydroxyhexadecadienylcarnitine)_biocrates"
"14";"C18 (octadecanoylcarnitine)";"Lipid";"Long Chain Acylcarnitines";"Plasma";"Biocrates p150 [t-ms]";"C18 (octadecanoylcarnitine)_biocrates"
"15";"C18:1 (octadecenoylcarnitine)";"Lipid";"Long Chain Acylcarnitines";"Plasma";"Biocrates p150 [t-ms]";"C18:1 (octadecenoylcarnitine)_biocrates"
"16";"C18:2 (octadecadienylcarnitine)";"Lipid";"Long Chain Acylcarnitines";"Plasma";"Biocrates p150 [t-ms]";"C18:2 (octadecadienylcarnitine)_biocrates"
"17";"C2 (acetylcarnitine)";"Lipid";"Short Chain Acylcarnitines";"Plasma";"Biocrates p150 [t-ms]";"C2 (acetylcarnitine)_biocrates"
"18";"C3 (propionylcarnitine)";"Lipid";"Short Chain Acylcarnitines";"Plasma";"Biocrates p150 [t-ms]";"C3 (propionylcarnitine)_biocrates"
"19";"C4 (butyrylcarnitine)";"Lipid";"Short Chain Acylcarnitines";"Plasma";"Biocrates p150 [t-ms]";"C4 (butyrylcarnitine)_biocrates"
"20";"C4:1-DC (fumarylcarnitine) and C6 (hexanoylcarnitine)";"Lipid";"Short Chain Acylcarnitines";"Plasma";"Biocrates p150 [t-ms]";"C4:1-DC (fumarylcarnitine) and C6 (hexanoylcarnitine)_biocrates"
"21";"C5 (valerylcarnitine)";"Lipid";"Short Chain Acylcarnitines";"Plasma";"Biocrates p150 [t-ms]";"C5 (valerylcarnitine)_biocrates"
"22";"C5:1-DC (glutaconylcarnitine)";"Lipid";"Short Chain Acylcarnitines";"Plasma";"Biocrates p150 [t-ms]";"C5:1-DC (glutaconylcarnitine)_biocrates"
"23";"C5:1( tiglylcarnitine)";"Lipid";"Short Chain Acylcarnitines";"Plasma";"Biocrates p150 [t-ms]";"C5:1( tiglylcarnitine)_biocrates"
"24";"C6-OH (glutarylcarnitine) and C5-DC (hydroxyhexanoylcarnitine)";"Lipid";"Short Chain Acylcarnitines";"Plasma";"Biocrates p150 [t-ms]";"C6-OH (glutarylcarnitine) and C5-DC (hydroxyhexanoylcarnitine)_biocrates"
"25";"C7-DC (pimelylcarnitine)";"Lipid";"Medium chain Acylcarnitines";"Plasma";"Biocrates p150 [t-ms]";"C7-DC (pimelylcarnitine)_biocrates"
"26";"C8 (octanoylcarnitine)";"Lipid";"Long Chain Acylcarnitines";"Plasma";"Biocrates p150 [t-ms]";"C8 (octanoylcarnitine)_biocrates"
"27";"C8:1 (octenoylcarnitine)";"Lipid";"Medium chain Acylcarnitines";"Plasma";"Biocrates p150 [t-ms]";"C8:1 (octenoylcarnitine)_biocrates"
"28";"C0 (carnitine)";"Lipid";"Short Chain Acylcarnitines";"Plasma";"Biocrates p150 [t-ms]";"C0 (carnitine)_biocrates"
"29";"arginine";"Amino Acid";NA;"Plasma";"Biocrates p150 [t-ms]";"arginine_biocrates"
"30";"glutamine";"Amino Acid";NA;"Plasma";"Biocrates p150 [t-ms]";"glutamine_biocrates"
"31";"glycine";"Amino Acid";NA;"Plasma";"Biocrates p150 [t-ms]";"glycine_biocrates"
"32";"histidine";"Amino Acid";NA;"Plasma";"Biocrates p150 [t-ms]";"histidine_biocrates"
"33";"leucine or isoleucine";"Amino Acid";NA;"Plasma";"Biocrates p150 [t-ms]";"leucine or isoleucine_biocrates"
"34";"methionine";"Amino Acid";NA;"Plasma";"Biocrates p150 [t-ms]";"methionine_biocrates"
"35";"ornithine";"Amino Acid";NA;"Plasma";"Biocrates p150 [t-ms]";"ornithine_biocrates"
"36";"phenylalanine";"Amino Acid";NA;"Plasma";"Biocrates p150 [t-ms]";"phenylalanine_biocrates"
"37";"proline";"Amino Acid";NA;"Plasma";"Biocrates p150 [t-ms]";"proline_biocrates"
"38";"serine";"Amino Acid";NA;"Plasma";"Biocrates p150 [t-ms]";"serine_biocrates"
"39";"threonine";"Amino Acid";NA;"Plasma";"Biocrates p150 [t-ms]";"threonine_biocrates"
"40";"tryptophan";"Amino Acid";NA;"Plasma";"Biocrates p150 [t-ms]";"tryptophan_biocrates"
"41";"tyrosine";"Amino Acid";NA;"Plasma";"Biocrates p150 [t-ms]";"tyrosine_biocrates"
"42";"valine";"Amino Acid";NA;"Plasma";"Biocrates p150 [t-ms]";"valine_biocrates"
"43";"lysoPC a C14:0";"Lipid";"Glycerophospholipids";"Plasma";"Biocrates p150 [t-ms]";"lysoPC a C14:0_biocrates"
"44";"lysoPC a C16:0";"Lipid";"Glycerophospholipids";"Plasma";"Biocrates p150 [t-ms]";"lysoPC a C16:0_biocrates"
"45";"lysoPC a C16:1";"Lipid";"Glycerophospholipids";"Plasma";"Biocrates p150 [t-ms]";"lysoPC a C16:1_biocrates"
"46";"lysoPC a C17:0";"Lipid";"Glycerophospholipids";"Plasma";"Biocrates p150 [t-ms]";"lysoPC a C17:0_biocrates"
"47";"lysoPC a C18:0";"Lipid";"Glycerophospholipids";"Plasma";"Biocrates p150 [t-ms]";"lysoPC a C18:0_biocrates"
"48";"lysoPC a C18:2";"Lipid";"Glycerophospholipids";"Plasma";"Biocrates p150 [t-ms]";"lysoPC a C18:2_biocrates"
"49";"lysoPC a C20:3";"Lipid";"Glycerophospholipids";"Plasma";"Biocrates p150 [t-ms]";"lysoPC a C20:3_biocrates"
"50";"lysoPC a C20:4";"Lipid";"Glycerophospholipids";"Plasma";"Biocrates p150 [t-ms]";"lysoPC a C20:4_biocrates"
"51";"PC aa C28:1";"Lipid";"Glycerophospholipids";"Plasma";"Biocrates p150 [t-ms]";"PC aa C28:1_biocrates"
"52";"PC aa C30:0";"Lipid";"Glycerophospholipids";"Plasma";"Biocrates p150 [t-ms]";"PC aa C30:0_biocrates"
"53";"PC aa C32:0";"Lipid";"Glycerophospholipids";"Plasma";"Biocrates p150 [t-ms]";"PC aa C32:0_biocrates"
"54";"PC aa C32:1";"Lipid";"Glycerophospholipids";"Plasma";"Biocrates p150 [t-ms]";"PC aa C32:1_biocrates"
"55";"PC aa C32:2";"Lipid";"Glycerophospholipids";"Plasma";"Biocrates p150 [t-ms]";"PC aa C32:2_biocrates"
"56";"PC aa C32:3";"Lipid";"Glycerophospholipids";"Plasma";"Biocrates p150 [t-ms]";"PC aa C32:3_biocrates"
"57";"PC aa C34:1";"Lipid";"Glycerophospholipids";"Plasma";"Biocrates p150 [t-ms]";"PC aa C34:1_biocrates"
"58";"PC aa C34:2";"Lipid";"Glycerophospholipids";"Plasma";"Biocrates p150 [t-ms]";"PC aa C34:2_biocrates"
"59";"PC aa C34:3";"Lipid";"Glycerophospholipids";"Plasma";"Biocrates p150 [t-ms]";"PC aa C34:3_biocrates"
"60";"PC aa C34:4";"Lipid";"Glycerophospholipids";"Plasma";"Biocrates p150 [t-ms]";"PC aa C34:4_biocrates"
"61";"PC aa C36:0";"Lipid";"Glycerophospholipids";"Plasma";"Biocrates p150 [t-ms]";"PC aa C36:0_biocrates"
"62";"PC aa C36:1";"Lipid";"Glycerophospholipids";"Plasma";"Biocrates p150 [t-ms]";"PC aa C36:1_biocrates"
"63";"PC aa C36:2";"Lipid";"Glycerophospholipids";"Plasma";"Biocrates p150 [t-ms]";"PC aa C36:2_biocrates"
"64";"PC aa C36:3";"Lipid";"Glycerophospholipids";"Plasma";"Biocrates p150 [t-ms]";"PC aa C36:3_biocrates"
"65";"PC aa C36:4";"Lipid";"Glycerophospholipids";"Plasma";"Biocrates p150 [t-ms]";"PC aa C36:4_biocrates"
"66";"PC aa C36:5";"Lipid";"Glycerophospholipids";"Plasma";"Biocrates p150 [t-ms]";"PC aa C36:5_biocrates"
"67";"PC aa C36:6";"Lipid";"Glycerophospholipids";"Plasma";"Biocrates p150 [t-ms]";"PC aa C36:6_biocrates"
"68";"PC aa C38:0";"Lipid";"Glycerophospholipids";"Plasma";"Biocrates p150 [t-ms]";"PC aa C38:0_biocrates"
"69";"PC aa C38:3";"Lipid";"Glycerophospholipids";"Plasma";"Biocrates p150 [t-ms]";"PC aa C38:3_biocrates"
"70";"PC aa C38:4";"Lipid";"Glycerophospholipids";"Plasma";"Biocrates p150 [t-ms]";"PC aa C38:4_biocrates"
"71";"PC aa C38:5";"Lipid";"Glycerophospholipids";"Plasma";"Biocrates p150 [t-ms]";"PC aa C38:5_biocrates"
"72";"PC aa C38:6";"Lipid";"Glycerophospholipids";"Plasma";"Biocrates p150 [t-ms]";"PC aa C38:6_biocrates"
"73";"PC aa C40:1";"Lipid";"Glycerophospholipids";"Plasma";"Biocrates p150 [t-ms]";"PC aa C40:1_biocrates"
"74";"PC aa C40:2";"Lipid";"Glycerophospholipids";"Plasma";"Biocrates p150 [t-ms]";"PC aa C40:2_biocrates"
"75";"PC aa C40:3";"Lipid";"Glycerophospholipids";"Plasma";"Biocrates p150 [t-ms]";"PC aa C40:3_biocrates"
"76";"PC aa C40:4";"Lipid";"Glycerophospholipids";"Plasma";"Biocrates p150 [t-ms]";"PC aa C40:4_biocrates"
"77";"PC aa C40:5";"Lipid";"Glycerophospholipids";"Plasma";"Biocrates p150 [t-ms]";"PC aa C40:5_biocrates"
"78";"PC aa C40:6";"Lipid";"Glycerophospholipids";"Plasma";"Biocrates p150 [t-ms]";"PC aa C40:6_biocrates"
"79";"PC aa C42:0";"Lipid";"Glycerophospholipids";"Plasma";"Biocrates p150 [t-ms]";"PC aa C42:0_biocrates"
"80";"PC aa C42:1";"Lipid";"Glycerophospholipids";"Plasma";"Biocrates p150 [t-ms]";"PC aa C42:1_biocrates"
"81";"PC aa C42:2";"Lipid";"Glycerophospholipids";"Plasma";"Biocrates p150 [t-ms]";"PC aa C42:2_biocrates"
"82";"PC aa C42:4";"Lipid";"Glycerophospholipids";"Plasma";"Biocrates p150 [t-ms]";"PC aa C42:4_biocrates"
"83";"PC aa C42:5";"Lipid";"Glycerophospholipids";"Plasma";"Biocrates p150 [t-ms]";"PC aa C42:5_biocrates"
"84";"PC aa C42:6";"Lipid";"Glycerophospholipids";"Plasma";"Biocrates p150 [t-ms]";"PC aa C42:6_biocrates"
"85";"PC ae C30:0";"Lipid";"Glycerophospholipids";"Plasma";"Biocrates p150 [t-ms]";"PC ae C30:0_biocrates"
"86";"PC ae C32:1";"Lipid";"Glycerophospholipids";"Plasma";"Biocrates p150 [t-ms]";"PC ae C32:1_biocrates"
"87";"PC ae C32:2";"Lipid";"Glycerophospholipids";"Plasma";"Biocrates p150 [t-ms]";"PC ae C32:2_biocrates"
"88";"PC ae C34:0";"Lipid";"Glycerophospholipids";"Plasma";"Biocrates p150 [t-ms]";"PC ae C34:0_biocrates"
"89";"PC ae C34:1";"Lipid";"Glycerophospholipids";"Plasma";"Biocrates p150 [t-ms]";"PC ae C34:1_biocrates"
"90";"PC ae C34:2";"Lipid";"Glycerophospholipids";"Plasma";"Biocrates p150 [t-ms]";"PC ae C34:2_biocrates"
"91";"PC ae C34:3";"Lipid";"Glycerophospholipids";"Plasma";"Biocrates p150 [t-ms]";"PC ae C34:3_biocrates"
"92";"PC ae C36:1";"Lipid";"Glycerophospholipids";"Plasma";"Biocrates p150 [t-ms]";"PC ae C36:1_biocrates"
"93";"PC ae C36:2";"Lipid";"Glycerophospholipids";"Plasma";"Biocrates p150 [t-ms]";"PC ae C36:2_biocrates"
"94";"PC ae C36:3";"Lipid";"Glycerophospholipids";"Plasma";"Biocrates p150 [t-ms]";"PC ae C36:3_biocrates"
"95";"PC ae C36:4";"Lipid";"Glycerophospholipids";"Plasma";"Biocrates p150 [t-ms]";"PC ae C36:4_biocrates"
"96";"PC ae C36:5";"Lipid";"Glycerophospholipids";"Plasma";"Biocrates p150 [t-ms]";"PC ae C36:5_biocrates"
"97";"PC ae C38:0";"Lipid";"Glycerophospholipids";"Plasma";"Biocrates p150 [t-ms]";"PC ae C38:0_biocrates"
"98";"PC ae C38:2";"Lipid";"Glycerophospholipids";"Plasma";"Biocrates p150 [t-ms]";"PC ae C38:2_biocrates"
"99";"PC ae C38:3";"Lipid";"Glycerophospholipids";"Plasma";"Biocrates p150 [t-ms]";"PC ae C38:3_biocrates"
"100";"PC ae C38:4";"Lipid";"Glycerophospholipids";"Plasma";"Biocrates p150 [t-ms]";"PC ae C38:4_biocrates"
"101";"PC ae C38:5";"Lipid";"Glycerophospholipids";"Plasma";"Biocrates p150 [t-ms]";"PC ae C38:5_biocrates"
"102";"PC ae C38:6";"Lipid";"Glycerophospholipids";"Plasma";"Biocrates p150 [t-ms]";"PC ae C38:6_biocrates"
"103";"PC ae C40:1";"Lipid";"Glycerophospholipids";"Plasma";"Biocrates p150 [t-ms]";"PC ae C40:1_biocrates"
"104";"PC ae C40:2";"Lipid";"Glycerophospholipids";"Plasma";"Biocrates p150 [t-ms]";"PC ae C40:2_biocrates"
"105";"PC ae C40:3";"Lipid";"Glycerophospholipids";"Plasma";"Biocrates p150 [t-ms]";"PC ae C40:3_biocrates"
"106";"PC ae C40:4";"Lipid";"Glycerophospholipids";"Plasma";"Biocrates p150 [t-ms]";"PC ae C40:4_biocrates"
"107";"PC ae C40:5";"Lipid";"Glycerophospholipids";"Plasma";"Biocrates p150 [t-ms]";"PC ae C40:5_biocrates"
"108";"PC ae C40:6";"Lipid";"Glycerophospholipids";"Plasma";"Biocrates p150 [t-ms]";"PC ae C40:6_biocrates"
"109";"PC ae C42:0";"Lipid";"Glycerophospholipids";"Plasma";"Biocrates p150 [t-ms]";"PC ae C42:0_biocrates"
"110";"PC ae C42:1";"Lipid";"Glycerophospholipids";"Plasma";"Biocrates p150 [t-ms]";"PC ae C42:1_biocrates"
"111";"PC ae C42:2";"Lipid";"Glycerophospholipids";"Plasma";"Biocrates p150 [t-ms]";"PC ae C42:2_biocrates"
"112";"PC ae C42:3";"Lipid";"Glycerophospholipids";"Plasma";"Biocrates p150 [t-ms]";"PC ae C42:3_biocrates"
"113";"PC ae C42:4";"Lipid";"Glycerophospholipids";"Plasma";"Biocrates p150 [t-ms]";"PC ae C42:4_biocrates"
"114";"PC ae C42:5";"Lipid";"Glycerophospholipids";"Plasma";"Biocrates p150 [t-ms]";"PC ae C42:5_biocrates"
"115";"PC ae C44:3";"Lipid";"Glycerophospholipids";"Plasma";"Biocrates p150 [t-ms]";"PC ae C44:3_biocrates"
"116";"PC ae C44:4";"Lipid";"Glycerophospholipids";"Plasma";"Biocrates p150 [t-ms]";"PC ae C44:4_biocrates"
"117";"PC ae C44:5";"Lipid";"Glycerophospholipids";"Plasma";"Biocrates p150 [t-ms]";"PC ae C44:5_biocrates"
"118";"PC ae C44:6";"Lipid";"Glycerophospholipids";"Plasma";"Biocrates p150 [t-ms]";"PC ae C44:6_biocrates"
"119";"H1 (hexose)";"Carbohydrate";NA;"Plasma";"Biocrates p150 [t-ms]";"H1 (hexose)_biocrates"
"120";"SM (OH) C14:1";"Lipid";"Sphingolipids";"Plasma";"Biocrates p150 [t-ms]";"SM (OH) C14:1_biocrates"
"121";"SM (OH) C16:1";"Lipid";"Sphingolipids";"Plasma";"Biocrates p150 [t-ms]";"SM (OH) C16:1_biocrates"
"122";"SM (OH) C22:1";"Lipid";"Sphingolipids";"Plasma";"Biocrates p150 [t-ms]";"SM (OH) C22:1_biocrates"
"123";"SM (OH) C22:2";"Lipid";"Sphingolipids";"Plasma";"Biocrates p150 [t-ms]";"SM (OH) C22:2_biocrates"
"124";"SM (OH) C24:1";"Lipid";"Sphingolipids";"Plasma";"Biocrates p150 [t-ms]";"SM (OH) C24:1_biocrates"
"125";"SM C16:0";"Lipid";"Sphingolipids";"Plasma";"Biocrates p150 [t-ms]";"SM C16:0_biocrates"
"126";"SM C16:1";"Lipid";"Sphingolipids";"Plasma";"Biocrates p150 [t-ms]";"SM C16:1_biocrates"
"127";"SM C18:0";"Lipid";"Sphingolipids";"Plasma";"Biocrates p150 [t-ms]";"SM C18:0_biocrates"
"128";"SM C18:1";"Lipid";"Sphingolipids";"Plasma";"Biocrates p150 [t-ms]";"SM C18:1_biocrates"
"129";"SM C20:2";"Lipid";"Sphingolipids";"Plasma";"Biocrates p150 [t-ms]";"SM C20:2_biocrates"
"130";"SM C24:0";"Lipid";"Sphingolipids";"Plasma";"Biocrates p150 [t-ms]";"SM C24:0_biocrates"
"131";"SM C24:1";"Lipid";"Sphingolipids";"Plasma";"Biocrates p150 [t-ms]";"SM C24:1_biocrates"
"132";"SM C26:1";"Lipid";"Sphingolipids";"Plasma";"Biocrates p150 [t-ms]";"SM C26:1_biocrates"
"133";"insulin";"Hormones";"Hormones";"Plasma";"In-house biochemistry [chem.]";"insulin_biochemistry"
"134";"1-methylguanidine";"Amino Acid";"Guanidino and Acetamido Metabolism";"Plasma";"Metabolon HD4 [nt-ms]";"1-methylguanidine_metabolon"
"135";"1-methylhistidine";"Amino Acid";"Histidine Metabolism";"Plasma";"Metabolon HD4 [nt-ms]";"1-methylhistidine_metabolon"
"136";"1-methylimidazoleacetate";"Amino Acid";"Histidine Metabolism";"Plasma";"Metabolon HD4 [nt-ms]";"1-methylimidazoleacetate_metabolon"
"137";"2-aminoadipate";"Amino Acid";"Lysine Metabolism";"Plasma";"Metabolon HD4 [nt-ms]";"2-aminoadipate_metabolon"
"138";"2-aminobutyrate";"Amino Acid";"Methionine, Cysteine, SAM and Taurine Metabolism";"Plasma";"Metabolon HD4 [nt-ms]";"2-aminobutyrate_metabolon"
"139";"2-hydroxy-3-methylvalerate";"Amino Acid";"Leucine, Isoleucine and Valine Metabolism";"Plasma";"Metabolon HD4 [nt-ms]";"2-hydroxy-3-methylvalerate_metabolon"
"140";"2-hydroxybutyrate/2-hydroxyisobutyrate";"Amino Acid";"Methionine, Cysteine, SAM and Taurine Metabolism";"Plasma";"Metabolon HD4 [nt-ms]";"2-hydroxybutyrate/2-hydroxyisobutyrate_metabolon"
"141";"2-hydroxyphenylacetate";"Amino Acid";"Phenylalanine and Tyrosine Metabolism";"Plasma";"Metabolon HD4 [nt-ms]";"2-hydroxyphenylacetate_metabolon"
"142";"2-methylbutyrylcarnitine (C5)";"Amino Acid";"Leucine, Isoleucine and Valine Metabolism";"Plasma";"Metabolon HD4 [nt-ms]";"2-methylbutyrylcarnitine (C5)_metabolon"
"143";"3-(4-hydroxyphenyl)lactate";"Amino Acid";"Phenylalanine and Tyrosine Metabolism";"Plasma";"Metabolon HD4 [nt-ms]";"3-(4-hydroxyphenyl)lactate_metabolon"
"144";"3-hydroxy-2-ethylpropionate";"Amino Acid";"Leucine, Isoleucine and Valine Metabolism";"Plasma";"Metabolon HD4 [nt-ms]";"3-hydroxy-2-ethylpropionate_metabolon"
"145";"3-hydroxyisobutyrate";"Amino Acid";"Leucine, Isoleucine and Valine Metabolism";"Plasma";"Metabolon HD4 [nt-ms]";"3-hydroxyisobutyrate_metabolon"
"146";"3-indoxyl sulfate";"Amino Acid";"Tryptophan Metabolism";"Plasma";"Metabolon HD4 [nt-ms]";"3-indoxyl sulfate_metabolon"
"147";"3-methoxytyrosine";"Amino Acid";"Phenylalanine and Tyrosine Metabolism";"Plasma";"Metabolon HD4 [nt-ms]";"3-methoxytyrosine_metabolon"
"148";"3-methyl-2-oxobutyrate";"Amino Acid";"Leucine, Isoleucine and Valine Metabolism";"Plasma";"Metabolon HD4 [nt-ms]";"3-methyl-2-oxobutyrate_metabolon"
"149";"3-methyl-2-oxovalerate";"Amino Acid";"Leucine, Isoleucine and Valine Metabolism";"Plasma";"Metabolon HD4 [nt-ms]";"3-methyl-2-oxovalerate_metabolon"
"150";"3-methylglutarylcarnitine (2)";"Amino Acid";"Lysine Metabolism";"Plasma";"Metabolon HD4 [nt-ms]";"3-methylglutarylcarnitine (2)_metabolon"
"151";"3-methylhistidine";"Amino Acid";"Histidine Metabolism";"Plasma";"Metabolon HD4 [nt-ms]";"3-methylhistidine_metabolon"
"152";"3-phenylpropionate (hydrocinnamate)";"Amino Acid";"Phenylalanine and Tyrosine Metabolism";"Plasma";"Metabolon HD4 [nt-ms]";"3-phenylpropionate (hydrocinnamate)_metabolon"
"153";"4-acetamidobutanoate";"Amino Acid";"Polyamine Metabolism";"Plasma";"Metabolon HD4 [nt-ms]";"4-acetamidobutanoate_metabolon"
"154";"4-guanidinobutanoate";"Amino Acid";"Guanidino and Acetamido Metabolism";"Plasma";"Metabolon HD4 [nt-ms]";"4-guanidinobutanoate_metabolon"
"155";"4-hydroxyphenylacetatoylcarnitine";"Amino Acid";"Phenylalanine and Tyrosine Metabolism";"Plasma";"Metabolon HD4 [nt-ms]";"4-hydroxyphenylacetatoylcarnitine_metabolon"
"156";"4-hydroxyphenylpyruvate";"Amino Acid";"Phenylalanine and Tyrosine Metabolism";"Plasma";"Metabolon HD4 [nt-ms]";"4-hydroxyphenylpyruvate_metabolon"
"157";"4-methyl-2-oxopentanoate";"Amino Acid";"Leucine, Isoleucine and Valine Metabolism";"Plasma";"Metabolon HD4 [nt-ms]";"4-methyl-2-oxopentanoate_metabolon"
"158";"5-hydroxyindoleacetate";"Amino Acid";"Tryptophan Metabolism";"Plasma";"Metabolon HD4 [nt-ms]";"5-hydroxyindoleacetate_metabolon"
"159";"5-hydroxylysine";"Amino Acid";"Lysine Metabolism";"Plasma";"Metabolon HD4 [nt-ms]";"5-hydroxylysine_metabolon"
"160";"5-methylthioadenosine (MTA)";"Amino Acid";"Polyamine Metabolism";"Plasma";"Metabolon HD4 [nt-ms]";"5-methylthioadenosine (MTA)_metabolon"
"161";"5-oxoproline";"Amino Acid";"Glutathione Metabolism";"Plasma";"Metabolon HD4 [nt-ms]";"5-oxoproline_metabolon"
"162";"6-oxopiperidine-2-carboxylic acid";"Amino Acid";"Lysine Metabolism";"Plasma";"Metabolon HD4 [nt-ms]";"6-oxopiperidine-2-carboxylic acid_metabolon"
"163";"acisoga";"Amino Acid";"Polyamine Metabolism";"Plasma";"Metabolon HD4 [nt-ms]";"acisoga_metabolon"
"164";"alanine";"Amino Acid";"Alanine and Aspartate Metabolism";"Plasma";"Metabolon HD4 [nt-ms]";"alanine_metabolon"
"165";"alpha-hydroxyisocaproate";"Amino Acid";"Leucine, Isoleucine and Valine Metabolism";"Plasma";"Metabolon HD4 [nt-ms]";"alpha-hydroxyisocaproate_metabolon"
"166";"alpha-hydroxyisovalerate";"Amino Acid";"Leucine, Isoleucine and Valine Metabolism";"Plasma";"Metabolon HD4 [nt-ms]";"alpha-hydroxyisovalerate_metabolon"
"167";"alpha-ketobutyrate";"Amino Acid";"Methionine, Cysteine, SAM and Taurine Metabolism";"Plasma";"Metabolon HD4 [nt-ms]";"alpha-ketobutyrate_metabolon"
"168";"arginine";"Amino Acid";"Urea cycle; Arginine and Proline Metabolism";"Plasma";"Metabolon HD4 [nt-ms]";"arginine_metabolon"
"169";"argininosuccinate";"Amino Acid";"Urea cycle; Arginine and Proline Metabolism";"Plasma";"Metabolon HD4 [nt-ms]";"argininosuccinate_metabolon"
"170";"asparagine";"Amino Acid";"Alanine and Aspartate Metabolism";"Plasma";"Metabolon HD4 [nt-ms]";"asparagine_metabolon"
"171";"aspartate";"Amino Acid";"Alanine and Aspartate Metabolism";"Plasma";"Metabolon HD4 [nt-ms]";"aspartate_metabolon"
"172";"beta-hydroxyisovalerate";"Amino Acid";"Leucine, Isoleucine and Valine Metabolism";"Plasma";"Metabolon HD4 [nt-ms]";"beta-hydroxyisovalerate_metabolon"
"173";"betaine";"Amino Acid";"Glycine, Serine and Threonine Metabolism";"Plasma";"Metabolon HD4 [nt-ms]";"betaine_metabolon"
"174";"C-glycosyltryptophan";"Amino Acid";"Tryptophan Metabolism";"Plasma";"Metabolon HD4 [nt-ms]";"C-glycosyltryptophan_metabolon"
"175";"citrulline";"Amino Acid";"Urea cycle; Arginine and Proline Metabolism";"Plasma";"Metabolon HD4 [nt-ms]";"citrulline_metabolon"
"176";"creatine";"Amino Acid";"Creatine Metabolism";"Plasma";"Metabolon HD4 [nt-ms]";"creatine_metabolon"
"177";"creatinine";"Amino Acid";"Creatine Metabolism";"Plasma";"Metabolon HD4 [nt-ms]";"creatinine_metabolon"
"178";"cys-gly, oxidized";"Amino Acid";"Glutathione Metabolism";"Plasma";"Metabolon HD4 [nt-ms]";"cys-gly, oxidized_metabolon"
"179";"cystathionine";"Amino Acid";"Methionine, Cysteine, SAM and Taurine Metabolism";"Plasma";"Metabolon HD4 [nt-ms]";"cystathionine_metabolon"
"180";"cysteine";"Amino Acid";"Methionine, Cysteine, SAM and Taurine Metabolism";"Plasma";"Metabolon HD4 [nt-ms]";"cysteine_metabolon"
"181";"cysteine s-sulfate";"Amino Acid";"Methionine, Cysteine, SAM and Taurine Metabolism";"Plasma";"Metabolon HD4 [nt-ms]";"cysteine s-sulfate_metabolon"
"182";"cysteine sulfinic acid";"Amino Acid";"Methionine, Cysteine, SAM and Taurine Metabolism";"Plasma";"Metabolon HD4 [nt-ms]";"cysteine sulfinic acid_metabolon"
"183";"cysteine-glutathione disulfide";"Amino Acid";"Glutathione Metabolism";"Plasma";"Metabolon HD4 [nt-ms]";"cysteine-glutathione disulfide_metabolon"
"184";"cysteinylglycine";"Amino Acid";"Glutathione Metabolism";"Plasma";"Metabolon HD4 [nt-ms]";"cysteinylglycine_metabolon"
"185";"cystine";"Amino Acid";"Methionine, Cysteine, SAM and Taurine Metabolism";"Plasma";"Metabolon HD4 [nt-ms]";"cystine_metabolon"
"186";"dimethylarginine (SDMA + ADMA)";"Amino Acid";"Urea cycle; Arginine and Proline Metabolism";"Plasma";"Metabolon HD4 [nt-ms]";"dimethylarginine (SDMA + ADMA)_metabolon"
"187";"dimethylglycine";"Amino Acid";"Glycine, Serine and Threonine Metabolism";"Plasma";"Metabolon HD4 [nt-ms]";"dimethylglycine_metabolon"
"188";"dopamine sulfate (2)";"Amino Acid";"Phenylalanine and Tyrosine Metabolism";"Plasma";"Metabolon HD4 [nt-ms]";"dopamine sulfate (2)_metabolon"
"189";"ethylmalonate";"Amino Acid";"Leucine, Isoleucine and Valine Metabolism";"Plasma";"Metabolon HD4 [nt-ms]";"ethylmalonate_metabolon"
"190";"gamma-carboxyglutamate";"Amino Acid";"Glutamate Metabolism";"Plasma";"Metabolon HD4 [nt-ms]";"gamma-carboxyglutamate_metabolon"
"191";"glutamate";"Amino Acid";"Glutamate Metabolism";"Plasma";"Metabolon HD4 [nt-ms]";"glutamate_metabolon"
"192";"glutamine";"Amino Acid";"Glutamate Metabolism";"Plasma";"Metabolon HD4 [nt-ms]";"glutamine_metabolon"
"193";"glutarate (pentanedioate)";"Amino Acid";"Lysine Metabolism";"Plasma";"Metabolon HD4 [nt-ms]";"glutarate (pentanedioate)_metabolon"
"194";"glutarylcarnitine (C5)";"Amino Acid";"Lysine Metabolism";"Plasma";"Metabolon HD4 [nt-ms]";"glutarylcarnitine (C5)_metabolon"
"195";"glycine";"Amino Acid";"Glycine, Serine and Threonine Metabolism";"Plasma";"Metabolon HD4 [nt-ms]";"glycine_metabolon"
"196";"guanidinoacetate";"Amino Acid";"Creatine Metabolism";"Plasma";"Metabolon HD4 [nt-ms]";"guanidinoacetate_metabolon"
"197";"histidine";"Amino Acid";"Histidine Metabolism";"Plasma";"Metabolon HD4 [nt-ms]";"histidine_metabolon"
"198";"homoarginine";"Amino Acid";"Urea cycle; Arginine and Proline Metabolism";"Plasma";"Metabolon HD4 [nt-ms]";"homoarginine_metabolon"
"199";"homocitrulline";"Amino Acid";"Urea cycle; Arginine and Proline Metabolism";"Plasma";"Metabolon HD4 [nt-ms]";"homocitrulline_metabolon"
"200";"hydantoin-5-propionic acid";"Amino Acid";"Histidine Metabolism";"Plasma";"Metabolon HD4 [nt-ms]";"hydantoin-5-propionic acid_metabolon"
"201";"hypotaurine";"Amino Acid";"Methionine, Cysteine, SAM and Taurine Metabolism";"Plasma";"Metabolon HD4 [nt-ms]";"hypotaurine_metabolon"
"202";"imidazole lactate";"Amino Acid";"Histidine Metabolism";"Plasma";"Metabolon HD4 [nt-ms]";"imidazole lactate_metabolon"
"203";"imidazole propionate";"Amino Acid";"Histidine Metabolism";"Plasma";"Metabolon HD4 [nt-ms]";"imidazole propionate_metabolon"
"204";"indoleacetate";"Amino Acid";"Tryptophan Metabolism";"Plasma";"Metabolon HD4 [nt-ms]";"indoleacetate_metabolon"
"205";"indoleacetylglutamine";"Amino Acid";"Tryptophan Metabolism";"Plasma";"Metabolon HD4 [nt-ms]";"indoleacetylglutamine_metabolon"
"206";"indolelactate";"Amino Acid";"Tryptophan Metabolism";"Plasma";"Metabolon HD4 [nt-ms]";"indolelactate_metabolon"
"207";"indolepropionate";"Amino Acid";"Tryptophan Metabolism";"Plasma";"Metabolon HD4 [nt-ms]";"indolepropionate_metabolon"
"208";"isobutyrylcarnitine";"Amino Acid";"Leucine, Isoleucine and Valine Metabolism";"Plasma";"Metabolon HD4 [nt-ms]";"isobutyrylcarnitine_metabolon"
"209";"isobutyrylglycine";"Amino Acid";"Leucine, Isoleucine and Valine Metabolism";"Plasma";"Metabolon HD4 [nt-ms]";"isobutyrylglycine_metabolon"
"210";"isoleucine";"Amino Acid";"Leucine, Isoleucine and Valine Metabolism";"Plasma";"Metabolon HD4 [nt-ms]";"isoleucine_metabolon"
"211";"isovalerate";"Amino Acid";"Leucine, Isoleucine and Valine Metabolism";"Plasma";"Metabolon HD4 [nt-ms]";"isovalerate_metabolon"
"212";"isovalerylcarnitine";"Amino Acid";"Leucine, Isoleucine and Valine Metabolism";"Plasma";"Metabolon HD4 [nt-ms]";"isovalerylcarnitine_metabolon"
"213";"isovalerylglycine";"Amino Acid";"Leucine, Isoleucine and Valine Metabolism";"Plasma";"Metabolon HD4 [nt-ms]";"isovalerylglycine_metabolon"
"214";"kynurenate";"Amino Acid";"Tryptophan Metabolism";"Plasma";"Metabolon HD4 [nt-ms]";"kynurenate_metabolon"
"215";"kynurenine";"Amino Acid";"Tryptophan Metabolism";"Plasma";"Metabolon HD4 [nt-ms]";"kynurenine_metabolon"
"216";"leucine";"Amino Acid";"Leucine, Isoleucine and Valine Metabolism";"Plasma";"Metabolon HD4 [nt-ms]";"leucine_metabolon"
"217";"lysine";"Amino Acid";"Lysine Metabolism";"Plasma";"Metabolon HD4 [nt-ms]";"lysine_metabolon"
"218";"methionine";"Amino Acid";"Methionine, Cysteine, SAM and Taurine Metabolism";"Plasma";"Metabolon HD4 [nt-ms]";"methionine_metabolon"
"219";"methionine sulfone";"Amino Acid";"Methionine, Cysteine, SAM and Taurine Metabolism";"Plasma";"Metabolon HD4 [nt-ms]";"methionine sulfone_metabolon"
"220";"methionine sulfoxide";"Amino Acid";"Methionine, Cysteine, SAM and Taurine Metabolism";"Plasma";"Metabolon HD4 [nt-ms]";"methionine sulfoxide_metabolon"
"221";"methylsuccinate";"Amino Acid";"Leucine, Isoleucine and Valine Metabolism";"Plasma";"Metabolon HD4 [nt-ms]";"methylsuccinate_metabolon"
"222";"methylsuccinoylcarnitine (1)";"Amino Acid";"Leucine, Isoleucine and Valine Metabolism";"Plasma";"Metabolon HD4 [nt-ms]";"methylsuccinoylcarnitine (1)_metabolon"
"223";"N-acetyl-1-methylhistidine*";"Amino Acid";"Histidine Metabolism";"Plasma";"Metabolon HD4 [nt-ms]";"N-acetyl-1-methylhistidine*_metabolon"
"224";"N-acetyl-3-methylhistidine*";"Amino Acid";"Histidine Metabolism";"Plasma";"Metabolon HD4 [nt-ms]";"N-acetyl-3-methylhistidine*_metabolon"
"225";"N-acetyl-aspartyl-glutamate (NAAG)";"Amino Acid";"Glutamate Metabolism";"Plasma";"Metabolon HD4 [nt-ms]";"N-acetyl-aspartyl-glutamate (NAAG)_metabolon"
"226";"N-acetyl-cadaverine";"Amino Acid";"Lysine Metabolism";"Plasma";"Metabolon HD4 [nt-ms]";"N-acetyl-cadaverine_metabolon"
"227";"N-acetylalanine";"Amino Acid";"Alanine and Aspartate Metabolism";"Plasma";"Metabolon HD4 [nt-ms]";"N-acetylalanine_metabolon"
"228";"N-acetylarginine";"Amino Acid";"Urea cycle; Arginine and Proline Metabolism";"Plasma";"Metabolon HD4 [nt-ms]";"N-acetylarginine_metabolon"
"229";"N-acetylaspartate (NAA)";"Amino Acid";"Alanine and Aspartate Metabolism";"Plasma";"Metabolon HD4 [nt-ms]";"N-acetylaspartate (NAA)_metabolon"
"230";"N-acetylcitrulline";"Amino Acid";"Urea cycle; Arginine and Proline Metabolism";"Plasma";"Metabolon HD4 [nt-ms]";"N-acetylcitrulline_metabolon"
"231";"N-acetylglutamate";"Amino Acid";"Glutamate Metabolism";"Plasma";"Metabolon HD4 [nt-ms]";"N-acetylglutamate_metabolon"
"232";"N-acetylglutamine";"Amino Acid";"Glutamate Metabolism";"Plasma";"Metabolon HD4 [nt-ms]";"N-acetylglutamine_metabolon"
"233";"N-acetylglycine";"Amino Acid";"Glycine, Serine and Threonine Metabolism";"Plasma";"Metabolon HD4 [nt-ms]";"N-acetylglycine_metabolon"
"234";"N-acetylhistidine";"Amino Acid";"Histidine Metabolism";"Plasma";"Metabolon HD4 [nt-ms]";"N-acetylhistidine_metabolon"
"235";"N-acetylisoleucine";"Amino Acid";"Leucine, Isoleucine and Valine Metabolism";"Plasma";"Metabolon HD4 [nt-ms]";"N-acetylisoleucine_metabolon"
"236";"N-acetylkynurenine (2)";"Amino Acid";"Tryptophan Metabolism";"Plasma";"Metabolon HD4 [nt-ms]";"N-acetylkynurenine (2)_metabolon"
"237";"N-acetylleucine";"Amino Acid";"Leucine, Isoleucine and Valine Metabolism";"Plasma";"Metabolon HD4 [nt-ms]";"N-acetylleucine_metabolon"
"238";"N-acetylmethionine";"Amino Acid";"Methionine, Cysteine, SAM and Taurine Metabolism";"Plasma";"Metabolon HD4 [nt-ms]";"N-acetylmethionine_metabolon"
"239";"N-acetylphenylalanine";"Amino Acid";"Phenylalanine and Tyrosine Metabolism";"Plasma";"Metabolon HD4 [nt-ms]";"N-acetylphenylalanine_metabolon"
"240";"N-acetylputrescine";"Amino Acid";"Polyamine Metabolism";"Plasma";"Metabolon HD4 [nt-ms]";"N-acetylputrescine_metabolon"
"241";"N-acetylserine";"Amino Acid";"Glycine, Serine and Threonine Metabolism";"Plasma";"Metabolon HD4 [nt-ms]";"N-acetylserine_metabolon"
"242";"N-acetyltaurine";"Amino Acid";"Methionine, Cysteine, SAM and Taurine Metabolism";"Plasma";"Metabolon HD4 [nt-ms]";"N-acetyltaurine_metabolon"
"243";"N-acetylthreonine";"Amino Acid";"Glycine, Serine and Threonine Metabolism";"Plasma";"Metabolon HD4 [nt-ms]";"N-acetylthreonine_metabolon"
"244";"N-acetyltryptophan";"Amino Acid";"Tryptophan Metabolism";"Plasma";"Metabolon HD4 [nt-ms]";"N-acetyltryptophan_metabolon"
"245";"N-acetyltyrosine";"Amino Acid";"Phenylalanine and Tyrosine Metabolism";"Plasma";"Metabolon HD4 [nt-ms]";"N-acetyltyrosine_metabolon"
"246";"N-acetylvaline";"Amino Acid";"Leucine, Isoleucine and Valine Metabolism";"Plasma";"Metabolon HD4 [nt-ms]";"N-acetylvaline_metabolon"
"247";"N-delta-acetylornithine";"Amino Acid";"Urea cycle; Arginine and Proline Metabolism";"Plasma";"Metabolon HD4 [nt-ms]";"N-delta-acetylornithine_metabolon"
"248";"N-formylmethionine";"Amino Acid";"Methionine, Cysteine, SAM and Taurine Metabolism";"Plasma";"Metabolon HD4 [nt-ms]";"N-formylmethionine_metabolon"
"249";"N-formylphenylalanine";"Amino Acid";"Phenylalanine and Tyrosine Metabolism";"Plasma";"Metabolon HD4 [nt-ms]";"N-formylphenylalanine_metabolon"
"250";"N-methyl-4-aminobutyric acid";"Amino Acid";"Glutamate Metabolism";"Plasma";"Metabolon HD4 [nt-ms]";"N-methyl-4-aminobutyric acid_metabolon"
"251";"N-methylproline";"Amino Acid";"Urea cycle; Arginine and Proline Metabolism";"Plasma";"Metabolon HD4 [nt-ms]";"N-methylproline_metabolon"
"252";"N2,N5-diacetylornithine";"Amino Acid";"Urea cycle; Arginine and Proline Metabolism";"Plasma";"Metabolon HD4 [nt-ms]";"N2,N5-diacetylornithine_metabolon"
"253";"N6-acetyllysine";"Amino Acid";"Lysine Metabolism";"Plasma";"Metabolon HD4 [nt-ms]";"N6-acetyllysine_metabolon"
"254";"N6,N6,N6-trimethyllysine";"Amino Acid";"Lysine Metabolism";"Plasma";"Metabolon HD4 [nt-ms]";"N6,N6,N6-trimethyllysine_metabolon"
"255";"O-acetylhomoserine";"Amino Acid";"Glycine, Serine and Threonine Metabolism";"Plasma";"Metabolon HD4 [nt-ms]";"O-acetylhomoserine_metabolon"
"256";"o-cresol sulfate";"Amino Acid";"Phenylalanine and Tyrosine Metabolism";"Plasma";"Metabolon HD4 [nt-ms]";"o-cresol sulfate_metabolon"
"257";"ornithine";"Amino Acid";"Urea cycle; Arginine and Proline Metabolism";"Plasma";"Metabolon HD4 [nt-ms]";"ornithine_metabolon"
"258";"p-cresol sulfate";"Amino Acid";"Phenylalanine and Tyrosine Metabolism";"Plasma";"Metabolon HD4 [nt-ms]";"p-cresol sulfate_metabolon"
"259";"p-cresol-glucuronide*";"Amino Acid";"Phenylalanine and Tyrosine Metabolism";"Plasma";"Metabolon HD4 [nt-ms]";"p-cresol-glucuronide*_metabolon"
"260";"phenol sulfate";"Amino Acid";"Phenylalanine and Tyrosine Metabolism";"Plasma";"Metabolon HD4 [nt-ms]";"phenol sulfate_metabolon"
"261";"phenylacetylcarnitine";"Amino Acid";"Phenylalanine and Tyrosine Metabolism";"Plasma";"Metabolon HD4 [nt-ms]";"phenylacetylcarnitine_metabolon"
"262";"phenylacetylglutamate";"Amino Acid";"Phenylalanine and Tyrosine Metabolism";"Plasma";"Metabolon HD4 [nt-ms]";"phenylacetylglutamate_metabolon"
"263";"phenylacetylglutamine";"Amino Acid";"Phenylalanine and Tyrosine Metabolism";"Plasma";"Metabolon HD4 [nt-ms]";"phenylacetylglutamine_metabolon"
"264";"phenylalanine";"Amino Acid";"Phenylalanine and Tyrosine Metabolism";"Plasma";"Metabolon HD4 [nt-ms]";"phenylalanine_metabolon"
"265";"phenyllactate (PLA)";"Amino Acid";"Phenylalanine and Tyrosine Metabolism";"Plasma";"Metabolon HD4 [nt-ms]";"phenyllactate (PLA)_metabolon"
"266";"phenylpyruvate";"Amino Acid";"Phenylalanine and Tyrosine Metabolism";"Plasma";"Metabolon HD4 [nt-ms]";"phenylpyruvate_metabolon"
"267";"pipecolate";"Amino Acid";"Lysine Metabolism";"Plasma";"Metabolon HD4 [nt-ms]";"pipecolate_metabolon"
"268";"pro-hydroxy-pro";"Amino Acid";"Urea cycle; Arginine and Proline Metabolism";"Plasma";"Metabolon HD4 [nt-ms]";"pro-hydroxy-pro_metabolon"
"269";"proline";"Amino Acid";"Urea cycle; Arginine and Proline Metabolism";"Plasma";"Metabolon HD4 [nt-ms]";"proline_metabolon"
"270";"pyroglutamine*";"Amino Acid";"Glutamate Metabolism";"Plasma";"Metabolon HD4 [nt-ms]";"pyroglutamine*_metabolon"
"271";"S-1-pyrroline-5-carboxylate";"Amino Acid";"Glutamate Metabolism";"Plasma";"Metabolon HD4 [nt-ms]";"S-1-pyrroline-5-carboxylate_metabolon"
"272";"S-adenosylhomocysteine (SAH)";"Amino Acid";"Methionine, Cysteine, SAM and Taurine Metabolism";"Plasma";"Metabolon HD4 [nt-ms]";"S-adenosylhomocysteine (SAH)_metabolon"
"273";"S-methylcysteine";"Amino Acid";"Methionine, Cysteine, SAM and Taurine Metabolism";"Plasma";"Metabolon HD4 [nt-ms]";"S-methylcysteine_metabolon"
"274";"sarcosine (N-Methylglycine)";"Amino Acid";"Glycine, Serine and Threonine Metabolism";"Plasma";"Metabolon HD4 [nt-ms]";"sarcosine (N-Methylglycine)_metabolon"
"275";"serine";"Amino Acid";"Glycine, Serine and Threonine Metabolism";"Plasma";"Metabolon HD4 [nt-ms]";"serine_metabolon"
"276";"serotonin";"Amino Acid";"Tryptophan Metabolism";"Plasma";"Metabolon HD4 [nt-ms]";"serotonin_metabolon"
"277";"spermidine";"Amino Acid";"Polyamine Metabolism";"Plasma";"Metabolon HD4 [nt-ms]";"spermidine_metabolon"
"278";"taurine";"Amino Acid";"Methionine, Cysteine, SAM and Taurine Metabolism";"Plasma";"Metabolon HD4 [nt-ms]";"taurine_metabolon"
"279";"threonine";"Amino Acid";"Glycine, Serine and Threonine Metabolism";"Plasma";"Metabolon HD4 [nt-ms]";"threonine_metabolon"
"280";"thyroxine";"Amino Acid";"Phenylalanine and Tyrosine Metabolism";"Plasma";"Metabolon HD4 [nt-ms]";"thyroxine_metabolon"
"281";"tigloylglycine";"Amino Acid";"Leucine, Isoleucine and Valine Metabolism";"Plasma";"Metabolon HD4 [nt-ms]";"tigloylglycine_metabolon"
"282";"tiglylcarnitine";"Amino Acid";"Leucine, Isoleucine and Valine Metabolism";"Plasma";"Metabolon HD4 [nt-ms]";"tiglylcarnitine_metabolon"
"283";"trans-4-hydroxyproline";"Amino Acid";"Urea cycle; Arginine and Proline Metabolism";"Plasma";"Metabolon HD4 [nt-ms]";"trans-4-hydroxyproline_metabolon"
"284";"trans-urocanate";"Amino Acid";"Histidine Metabolism";"Plasma";"Metabolon HD4 [nt-ms]";"trans-urocanate_metabolon"
"285";"tryptophan";"Amino Acid";"Tryptophan Metabolism";"Plasma";"Metabolon HD4 [nt-ms]";"tryptophan_metabolon"
"286";"tryptophan betaine";"Amino Acid";"Tryptophan Metabolism";"Plasma";"Metabolon HD4 [nt-ms]";"tryptophan betaine_metabolon"
"287";"tyramine O-sulfate";"Amino Acid";"Phenylalanine and Tyrosine Metabolism";"Plasma";"Metabolon HD4 [nt-ms]";"tyramine O-sulfate_metabolon"
"288";"tyrosine";"Amino Acid";"Phenylalanine and Tyrosine Metabolism";"Plasma";"Metabolon HD4 [nt-ms]";"tyrosine_metabolon"
"289";"urea";"Amino Acid";"Urea cycle; Arginine and Proline Metabolism";"Plasma";"Metabolon HD4 [nt-ms]";"urea_metabolon"
"290";"valine";"Amino Acid";"Leucine, Isoleucine and Valine Metabolism";"Plasma";"Metabolon HD4 [nt-ms]";"valine_metabolon"
"291";"vanillylmandelate (VMA)";"Amino Acid";"Phenylalanine and Tyrosine Metabolism";"Plasma";"Metabolon HD4 [nt-ms]";"vanillylmandelate (VMA)_metabolon"
"292";"xanthurenate";"Amino Acid";"Tryptophan Metabolism";"Plasma";"Metabolon HD4 [nt-ms]";"xanthurenate_metabolon"
"293";"1,5-anhydroglucitol (1,5-AG)";"Carbohydrate";"Glycolysis, Gluconeogenesis, and Pyruvate Metabolism";"Plasma";"Metabolon HD4 [nt-ms]";"1,5-anhydroglucitol (1,5-AG)_metabolon"
"294";"3-phosphoglycerate";"Carbohydrate";"Glycolysis, Gluconeogenesis, and Pyruvate Metabolism";"Plasma";"Metabolon HD4 [nt-ms]";"3-phosphoglycerate_metabolon"
"295";"arabitol/xylitol";"Carbohydrate";"Pentose Metabolism";"Plasma";"Metabolon HD4 [nt-ms]";"arabitol/xylitol_metabolon"
"296";"arabonate/xylonate";"Carbohydrate";"Pentose Metabolism";"Plasma";"Metabolon HD4 [nt-ms]";"arabonate/xylonate_metabolon"
"297";"erythronate*";"Carbohydrate";"Aminosugar Metabolism";"Plasma";"Metabolon HD4 [nt-ms]";"erythronate*_metabolon"
"298";"fructose";"Carbohydrate";"Fructose, Mannose and Galactose Metabolism";"Plasma";"Metabolon HD4 [nt-ms]";"fructose_metabolon"
"299";"glucose";"Carbohydrate";"Glycolysis, Gluconeogenesis, and Pyruvate Metabolism";"Plasma";"Metabolon HD4 [nt-ms]";"glucose_metabolon"
"300";"glucuronate";"Carbohydrate";"Aminosugar Metabolism";"Plasma";"Metabolon HD4 [nt-ms]";"glucuronate_metabolon"
"301";"glycerate";"Carbohydrate";"Glycolysis, Gluconeogenesis, and Pyruvate Metabolism";"Plasma";"Metabolon HD4 [nt-ms]";"glycerate_metabolon"
"302";"lactate";"Carbohydrate";"Glycolysis, Gluconeogenesis, and Pyruvate Metabolism";"Plasma";"Metabolon HD4 [nt-ms]";"lactate_metabolon"
"303";"maltose";"Carbohydrate";"Glycogen Metabolism";"Plasma";"Metabolon HD4 [nt-ms]";"maltose_metabolon"
"304";"maltotriose";"Carbohydrate";"Glycogen Metabolism";"Plasma";"Metabolon HD4 [nt-ms]";"maltotriose_metabolon"
"305";"mannitol/sorbitol";"Carbohydrate";"Fructose, Mannose and Galactose Metabolism";"Plasma";"Metabolon HD4 [nt-ms]";"mannitol/sorbitol_metabolon"
"306";"mannose";"Carbohydrate";"Fructose, Mannose and Galactose Metabolism";"Plasma";"Metabolon HD4 [nt-ms]";"mannose_metabolon"
"307";"N-acetylglucosaminylasparagine";"Carbohydrate";"Aminosugar Metabolism";"Plasma";"Metabolon HD4 [nt-ms]";"N-acetylglucosaminylasparagine_metabolon"
"308";"N-acetylneuraminate";"Carbohydrate";"Aminosugar Metabolism";"Plasma";"Metabolon HD4 [nt-ms]";"N-acetylneuraminate_metabolon"
"309";"pyruvate";"Carbohydrate";"Glycolysis, Gluconeogenesis, and Pyruvate Metabolism";"Plasma";"Metabolon HD4 [nt-ms]";"pyruvate_metabolon"
"310";"ribitol";"Carbohydrate";"Pentose Metabolism";"Plasma";"Metabolon HD4 [nt-ms]";"ribitol_metabolon"
"311";"ribonate";"Carbohydrate";"Pentose Metabolism";"Plasma";"Metabolon HD4 [nt-ms]";"ribonate_metabolon"
"312";"1-methylnicotinamide";"Cofactors and Vitamins";"Nicotinate and Nicotinamide Metabolism";"Plasma";"Metabolon HD4 [nt-ms]";"1-methylnicotinamide_metabolon"
"313";"alpha-tocopherol";"Cofactors and Vitamins";"Tocopherol Metabolism";"Plasma";"Metabolon HD4 [nt-ms]";"alpha-tocopherol_metabolon"
"314";"bilirubin (E,E)*";"Cofactors and Vitamins";"Hemoglobin and Porphyrin Metabolism";"Plasma";"Metabolon HD4 [nt-ms]";"bilirubin (E,E)*_metabolon"
"315";"bilirubin (E,Z or Z,E)*";"Cofactors and Vitamins";"Hemoglobin and Porphyrin Metabolism";"Plasma";"Metabolon HD4 [nt-ms]";"bilirubin (E,Z or Z,E)*_metabolon"
"316";"bilirubin (Z,Z)";"Cofactors and Vitamins";"Hemoglobin and Porphyrin Metabolism";"Plasma";"Metabolon HD4 [nt-ms]";"bilirubin (Z,Z)_metabolon"
"317";"biliverdin";"Cofactors and Vitamins";"Hemoglobin and Porphyrin Metabolism";"Plasma";"Metabolon HD4 [nt-ms]";"biliverdin_metabolon"
"318";"flavin adenine dinucleotide (FAD)";"Cofactors and Vitamins";"Riboflavin Metabolism";"Plasma";"Metabolon HD4 [nt-ms]";"flavin adenine dinucleotide (FAD)_metabolon"
"319";"gamma-CEHC";"Cofactors and Vitamins";"Tocopherol Metabolism";"Plasma";"Metabolon HD4 [nt-ms]";"gamma-CEHC_metabolon"
"320";"gamma-tocopherol/beta-tocopherol";"Cofactors and Vitamins";"Tocopherol Metabolism";"Plasma";"Metabolon HD4 [nt-ms]";"gamma-tocopherol/beta-tocopherol_metabolon"
"321";"N1-Methyl-2-pyridone-5-carboxamide";"Cofactors and Vitamins";"Nicotinate and Nicotinamide Metabolism";"Plasma";"Metabolon HD4 [nt-ms]";"N1-Methyl-2-pyridone-5-carboxamide_metabolon"
"322";"nicotinamide";"Cofactors and Vitamins";"Nicotinate and Nicotinamide Metabolism";"Plasma";"Metabolon HD4 [nt-ms]";"nicotinamide_metabolon"
"323";"nicotinamide riboside";"Cofactors and Vitamins";"Nicotinate and Nicotinamide Metabolism";"Plasma";"Metabolon HD4 [nt-ms]";"nicotinamide riboside_metabolon"
"324";"oxalate (ethanedioate)";"Cofactors and Vitamins";"Ascorbate and Aldarate Metabolism";"Plasma";"Metabolon HD4 [nt-ms]";"oxalate (ethanedioate)_metabolon"
"325";"pantothenate";"Cofactors and Vitamins";"Pantothenate and CoA Metabolism";"Plasma";"Metabolon HD4 [nt-ms]";"pantothenate_metabolon"
"326";"pyridoxate";"Cofactors and Vitamins";"Vitamin B6 Metabolism";"Plasma";"Metabolon HD4 [nt-ms]";"pyridoxate_metabolon"
"327";"quinolinate";"Cofactors and Vitamins";"Nicotinate and Nicotinamide Metabolism";"Plasma";"Metabolon HD4 [nt-ms]";"quinolinate_metabolon"
"328";"retinol (Vitamin A)";"Cofactors and Vitamins";"Vitamin A Metabolism";"Plasma";"Metabolon HD4 [nt-ms]";"retinol (Vitamin A)_metabolon"
"329";"threonate";"Cofactors and Vitamins";"Ascorbate and Aldarate Metabolism";"Plasma";"Metabolon HD4 [nt-ms]";"threonate_metabolon"
"330";"trigonelline (N'-methylnicotinate)";"Cofactors and Vitamins";"Nicotinate and Nicotinamide Metabolism";"Plasma";"Metabolon HD4 [nt-ms]";"trigonelline (N'-methylnicotinate)_metabolon"
"331";"alpha-ketoglutarate";"Energy";"TCA Cycle";"Plasma";"Metabolon HD4 [nt-ms]";"alpha-ketoglutarate_metabolon"
"332";"cis-aconitate";"Energy";"TCA Cycle";"Plasma";"Metabolon HD4 [nt-ms]";"cis-aconitate_metabolon"
"333";"citrate";"Energy";"TCA Cycle";"Plasma";"Metabolon HD4 [nt-ms]";"citrate_metabolon"
"334";"fumarate";"Energy";"TCA Cycle";"Plasma";"Metabolon HD4 [nt-ms]";"fumarate_metabolon"
"335";"malate";"Energy";"TCA Cycle";"Plasma";"Metabolon HD4 [nt-ms]";"malate_metabolon"
"336";"phosphate";"Energy";"Oxidative Phosphorylation";"Plasma";"Metabolon HD4 [nt-ms]";"phosphate_metabolon"
"337";"succinate";"Energy";"TCA Cycle";"Plasma";"Metabolon HD4 [nt-ms]";"succinate_metabolon"
"338";"succinylcarnitine";"Energy";"TCA Cycle";"Plasma";"Metabolon HD4 [nt-ms]";"succinylcarnitine_metabolon"
"339";"1-(1-enyl-oleoyl)-GPC (P-18:1)*";"Lipid";"Lysoplasmalogen";"Plasma";"Metabolon HD4 [nt-ms]";"1-(1-enyl-oleoyl)-GPC (P-18:1)*_metabolon"
"340";"1-(1-enyl-oleoyl)-GPE (P-18:1)*";"Lipid";"Lysoplasmalogen";"Plasma";"Metabolon HD4 [nt-ms]";"1-(1-enyl-oleoyl)-GPE (P-18:1)*_metabolon"
"341";"1-(1-enyl-palmitoyl)-GPC (P-16:0)*";"Lipid";"Lysoplasmalogen";"Plasma";"Metabolon HD4 [nt-ms]";"1-(1-enyl-palmitoyl)-GPC (P-16:0)*_metabolon"
"342";"1-(1-enyl-palmitoyl)-GPE (P-16:0)*";"Lipid";"Lysoplasmalogen";"Plasma";"Metabolon HD4 [nt-ms]";"1-(1-enyl-palmitoyl)-GPE (P-16:0)*_metabolon"
"343";"1-(1-enyl-stearoyl)-GPC (P-18:0) *";"Lipid";"Lysoplasmalogen";"Plasma";"Metabolon HD4 [nt-ms]";"1-(1-enyl-stearoyl)-GPC (P-18:0) *_metabolon"
"344";"1-(1-enyl-stearoyl)-GPE (P-18:0)*";"Lipid";"Lysoplasmalogen";"Plasma";"Metabolon HD4 [nt-ms]";"1-(1-enyl-stearoyl)-GPE (P-18:0)*_metabolon"
"345";"1-adrenoyl-GPC (22:4)*";"Lipid";"Lysolipid";"Plasma";"Metabolon HD4 [nt-ms]";"1-adrenoyl-GPC (22:4)*_metabolon"
"346";"1-arachidonoyl-GPC (20:4n6)*";"Lipid";"Lysolipid";"Plasma";"Metabolon HD4 [nt-ms]";"1-arachidonoyl-GPC (20:4n6)*_metabolon"
"347";"1-arachidonoyl-GPE (20:4n6)*";"Lipid";"Lysolipid";"Plasma";"Metabolon HD4 [nt-ms]";"1-arachidonoyl-GPE (20:4n6)*_metabolon"
"348";"1-arachidonoyl-GPI (20:4)*";"Lipid";"Lysolipid";"Plasma";"Metabolon HD4 [nt-ms]";"1-arachidonoyl-GPI (20:4)*_metabolon"
"349";"1-arachidonylglycerol (20:4)";"Lipid";"Monoacylglycerol";"Plasma";"Metabolon HD4 [nt-ms]";"1-arachidonylglycerol (20:4)_metabolon"
"350";"1-arachidoyl-GPC (20:0)";"Lipid";"Lysolipid";"Plasma";"Metabolon HD4 [nt-ms]";"1-arachidoyl-GPC (20:0)_metabolon"
"351";"1-behenoyl-GPC (22:0)";"Lipid";"Lysolipid";"Plasma";"Metabolon HD4 [nt-ms]";"1-behenoyl-GPC (22:0)_metabolon"
"352";"1-dihomo-linolenoyl-GPC (20:3n3 or 6)*";"Lipid";"Lysolipid";"Plasma";"Metabolon HD4 [nt-ms]";"1-dihomo-linolenoyl-GPC (20:3n3 or 6)*_metabolon"
"353";"1-dihomo-linolenoyl-GPE (20:3n3 or 6)*";"Lipid";"Lysolipid";"Plasma";"Metabolon HD4 [nt-ms]";"1-dihomo-linolenoyl-GPE (20:3n3 or 6)*_metabolon"
"354";"1-dihomo-linoleoyl-GPC (20:2)*";"Lipid";"Lysolipid";"Plasma";"Metabolon HD4 [nt-ms]";"1-dihomo-linoleoyl-GPC (20:2)*_metabolon"
"355";"1-docosahexaenoyl-GPC (22:6)*";"Lipid";"Lysolipid";"Plasma";"Metabolon HD4 [nt-ms]";"1-docosahexaenoyl-GPC (22:6)*_metabolon"
"356";"1-docosahexaenoyl-GPE (22:6)*";"Lipid";"Lysolipid";"Plasma";"Metabolon HD4 [nt-ms]";"1-docosahexaenoyl-GPE (22:6)*_metabolon"
"357";"1-docosapentaenoyl-GPC (22:5n3)*";"Lipid";"Lysolipid";"Plasma";"Metabolon HD4 [nt-ms]";"1-docosapentaenoyl-GPC (22:5n3)*_metabolon"
"358";"1-docosapentaenoyl-GPC (22:5n6)*";"Lipid";"Lysolipid";"Plasma";"Metabolon HD4 [nt-ms]";"1-docosapentaenoyl-GPC (22:5n6)*_metabolon"
"359";"1-eicosapentaenoyl-GPC (20:5)*";"Lipid";"Lysolipid";"Plasma";"Metabolon HD4 [nt-ms]";"1-eicosapentaenoyl-GPC (20:5)*_metabolon"
"360";"1-eicosapentaenoyl-GPE (20:5)*";"Lipid";"Lysolipid";"Plasma";"Metabolon HD4 [nt-ms]";"1-eicosapentaenoyl-GPE (20:5)*_metabolon"
"361";"1-eicosenoyl-GPC (20:1)*";"Lipid";"Lysolipid";"Plasma";"Metabolon HD4 [nt-ms]";"1-eicosenoyl-GPC (20:1)*_metabolon"
"362";"1-linolenoyl-GPC (18:3)*";"Lipid";"Lysolipid";"Plasma";"Metabolon HD4 [nt-ms]";"1-linolenoyl-GPC (18:3)*_metabolon"
"363";"1-linoleoyl-GPC (18:2)";"Lipid";"Lysolipid";"Plasma";"Metabolon HD4 [nt-ms]";"1-linoleoyl-GPC (18:2)_metabolon"
"364";"1-linoleoyl-GPE (18:2)*";"Lipid";"Lysolipid";"Plasma";"Metabolon HD4 [nt-ms]";"1-linoleoyl-GPE (18:2)*_metabolon"
"365";"1-linoleoyl-GPI (18:2)*";"Lipid";"Lysolipid";"Plasma";"Metabolon HD4 [nt-ms]";"1-linoleoyl-GPI (18:2)*_metabolon"
"366";"1-linoleoylglycerol (18:2)";"Lipid";"Monoacylglycerol";"Plasma";"Metabolon HD4 [nt-ms]";"1-linoleoylglycerol (18:2)_metabolon"
"367";"1-margaroyl-GPC (17:0)";"Lipid";"Lysolipid";"Plasma";"Metabolon HD4 [nt-ms]";"1-margaroyl-GPC (17:0)_metabolon"
"368";"1-myristoyl-GPC (14:0)";"Lipid";"Lysolipid";"Plasma";"Metabolon HD4 [nt-ms]";"1-myristoyl-GPC (14:0)_metabolon"
"369";"1-nonadecanoyl-GPC (19:0)";"Lipid";"Lysolipid";"Plasma";"Metabolon HD4 [nt-ms]";"1-nonadecanoyl-GPC (19:0)_metabolon"
"370";"1-oleoyl-GPC (18:1)";"Lipid";"Lysolipid";"Plasma";"Metabolon HD4 [nt-ms]";"1-oleoyl-GPC (18:1)_metabolon"
"371";"1-oleoyl-GPE (18:1)";"Lipid";"Lysolipid";"Plasma";"Metabolon HD4 [nt-ms]";"1-oleoyl-GPE (18:1)_metabolon"
"372";"1-oleoyl-GPI (18:1)*";"Lipid";"Lysolipid";"Plasma";"Metabolon HD4 [nt-ms]";"1-oleoyl-GPI (18:1)*_metabolon"
"373";"1-palmitoleoyl-GPC (16:1)*";"Lipid";"Lysolipid";"Plasma";"Metabolon HD4 [nt-ms]";"1-palmitoleoyl-GPC (16:1)*_metabolon"
"374";"1-palmitoyl-GPC (16:0)";"Lipid";"Lysolipid";"Plasma";"Metabolon HD4 [nt-ms]";"1-palmitoyl-GPC (16:0)_metabolon"
"375";"1-palmitoyl-GPE (16:0)";"Lipid";"Lysolipid";"Plasma";"Metabolon HD4 [nt-ms]";"1-palmitoyl-GPE (16:0)_metabolon"
"376";"1-palmitoyl-GPG (16:0)*";"Lipid";"Lysolipid";"Plasma";"Metabolon HD4 [nt-ms]";"1-palmitoyl-GPG (16:0)*_metabolon"
"377";"1-palmitoyl-GPI (16:0)*";"Lipid";"Lysolipid";"Plasma";"Metabolon HD4 [nt-ms]";"1-palmitoyl-GPI (16:0)*_metabolon"
"378";"1-palmitoylglycerol (16:0)";"Lipid";"Monoacylglycerol";"Plasma";"Metabolon HD4 [nt-ms]";"1-palmitoylglycerol (16:0)_metabolon"
"379";"1-palmityl-GPC (O-16:0)";"Lipid";"Lyso-phospho-ether";"Plasma";"Metabolon HD4 [nt-ms]";"1-palmityl-GPC (O-16:0)_metabolon"
"380";"1-pentadecanoyl-GPC (15:0)*";"Lipid";"Lysolipid";"Plasma";"Metabolon HD4 [nt-ms]";"1-pentadecanoyl-GPC (15:0)*_metabolon"
"381";"1-stearoyl-GPC (18:0)";"Lipid";"Lysolipid";"Plasma";"Metabolon HD4 [nt-ms]";"1-stearoyl-GPC (18:0)_metabolon"
"382";"1-stearoyl-GPE (18:0)";"Lipid";"Lysolipid";"Plasma";"Metabolon HD4 [nt-ms]";"1-stearoyl-GPE (18:0)_metabolon"
"383";"1-stearoyl-GPI (18:0)";"Lipid";"Lysolipid";"Plasma";"Metabolon HD4 [nt-ms]";"1-stearoyl-GPI (18:0)_metabolon"
"384";"1-stearyl-GPC (O-18:0)*";"Lipid";"Lyso-phospho-ether";"Plasma";"Metabolon HD4 [nt-ms]";"1-stearyl-GPC (O-18:0)*_metabolon"
"385";"10-undecenoate (11:1n1)";"Lipid";"Medium Chain Fatty Acid";"Plasma";"Metabolon HD4 [nt-ms]";"10-undecenoate (11:1n1)_metabolon"
"386";"12-HETE";"Lipid";"Eicosanoid";"Plasma";"Metabolon HD4 [nt-ms]";"12-HETE_metabolon"
"387";"13-HODE + 9-HODE";"Lipid";"Fatty Acid, Monohydroxy";"Plasma";"Metabolon HD4 [nt-ms]";"13-HODE + 9-HODE_metabolon"
"388";"15-methylpalmitate";"Lipid";"Fatty Acid, Branched";"Plasma";"Metabolon HD4 [nt-ms]";"15-methylpalmitate_metabolon"
"389";"16-hydroxypalmitate";"Lipid";"Fatty Acid, Monohydroxy";"Plasma";"Metabolon HD4 [nt-ms]";"16-hydroxypalmitate_metabolon"
"390";"16a-hydroxy DHEA 3-sulfate";"Lipid";"Steroid";"Plasma";"Metabolon HD4 [nt-ms]";"16a-hydroxy DHEA 3-sulfate_metabolon"
"391";"17-methylstearate";"Lipid";"Fatty Acid, Branched";"Plasma";"Metabolon HD4 [nt-ms]";"17-methylstearate_metabolon"
"392";"17alpha-hydroxypregnenolone sulfate";"Lipid";"Steroid";"Plasma";"Metabolon HD4 [nt-ms]";"17alpha-hydroxypregnenolone sulfate_metabolon"
"393";"2-aminoheptanoate";"Lipid";"Fatty Acid, Amino";"Plasma";"Metabolon HD4 [nt-ms]";"2-aminoheptanoate_metabolon"
"394";"2-aminooctanoate";"Lipid";"Fatty Acid, Amino";"Plasma";"Metabolon HD4 [nt-ms]";"2-aminooctanoate_metabolon"
"395";"2-arachidonoyl-GPC (20:4)*";"Lipid";"Lysolipid";"Plasma";"Metabolon HD4 [nt-ms]";"2-arachidonoyl-GPC (20:4)*_metabolon"
"396";"2-arachidonoyl-GPE (20:4)*";"Lipid";"Lysolipid";"Plasma";"Metabolon HD4 [nt-ms]";"2-arachidonoyl-GPE (20:4)*_metabolon"
"397";"2-docosahexaenoyl-GPC (22:6)*";"Lipid";"Lysolipid";"Plasma";"Metabolon HD4 [nt-ms]";"2-docosahexaenoyl-GPC (22:6)*_metabolon"
"398";"2-docosahexaenoyl-GPE (22:6)*";"Lipid";"Lysolipid";"Plasma";"Metabolon HD4 [nt-ms]";"2-docosahexaenoyl-GPE (22:6)*_metabolon"
"399";"2-hydroxydecanoate";"Lipid";"Fatty Acid, Monohydroxy";"Plasma";"Metabolon HD4 [nt-ms]";"2-hydroxydecanoate_metabolon"
"400";"2-hydroxyglutarate";"Lipid";"Fatty Acid, Dicarboxylate";"Plasma";"Metabolon HD4 [nt-ms]";"2-hydroxyglutarate_metabolon"
"401";"2-hydroxyoctanoate";"Lipid";"Fatty Acid, Monohydroxy";"Plasma";"Metabolon HD4 [nt-ms]";"2-hydroxyoctanoate_metabolon"
"402";"2-hydroxypalmitate";"Lipid";"Fatty Acid, Monohydroxy";"Plasma";"Metabolon HD4 [nt-ms]";"2-hydroxypalmitate_metabolon"
"403";"2-hydroxystearate";"Lipid";"Fatty Acid, Monohydroxy";"Plasma";"Metabolon HD4 [nt-ms]";"2-hydroxystearate_metabolon"
"404";"2-linoleoyl-GPC (18:2)*";"Lipid";"Lysolipid";"Plasma";"Metabolon HD4 [nt-ms]";"2-linoleoyl-GPC (18:2)*_metabolon"
"405";"2-linoleoyl-GPE (18:2)*";"Lipid";"Lysolipid";"Plasma";"Metabolon HD4 [nt-ms]";"2-linoleoyl-GPE (18:2)*_metabolon"
"406";"2-linoleoylglycerol (18:2)";"Lipid";"Monoacylglycerol";"Plasma";"Metabolon HD4 [nt-ms]";"2-linoleoylglycerol (18:2)_metabolon"
"407";"2-methylmalonyl carnitine";"Lipid";"Fatty Acid Synthesis";"Plasma";"Metabolon HD4 [nt-ms]";"2-methylmalonyl carnitine_metabolon"
"408";"2-myristoyl-GPC (14:0)*";"Lipid";"Lysolipid";"Plasma";"Metabolon HD4 [nt-ms]";"2-myristoyl-GPC (14:0)*_metabolon"
"409";"2-oleoyl-GPC (18:1)*";"Lipid";"Lysolipid";"Plasma";"Metabolon HD4 [nt-ms]";"2-oleoyl-GPC (18:1)*_metabolon"
"410";"2-oleoyl-GPE (18:1)*";"Lipid";"Lysolipid";"Plasma";"Metabolon HD4 [nt-ms]";"2-oleoyl-GPE (18:1)*_metabolon"
"411";"2-palmitoyl-GPC (16:0)*";"Lipid";"Lysolipid";"Plasma";"Metabolon HD4 [nt-ms]";"2-palmitoyl-GPC (16:0)*_metabolon"
"412";"2-palmitoyl-GPE (16:0)*";"Lipid";"Lysolipid";"Plasma";"Metabolon HD4 [nt-ms]";"2-palmitoyl-GPE (16:0)*_metabolon"
"413";"2-stearoyl-GPE (18:0)*";"Lipid";"Lysolipid";"Plasma";"Metabolon HD4 [nt-ms]";"2-stearoyl-GPE (18:0)*_metabolon"
"414";"21-hydroxypregnenolone disulfate";"Lipid";"Steroid";"Plasma";"Metabolon HD4 [nt-ms]";"21-hydroxypregnenolone disulfate_metabolon"
"415";"21-hydroxypregnenolone monosulfate (1)";"Lipid";"Steroid";"Plasma";"Metabolon HD4 [nt-ms]";"21-hydroxypregnenolone monosulfate (1)_metabolon"
"416";"3-carboxy-4-methyl-5-propyl-2-furanpropanoate (CMPF)";"Lipid";"Fatty Acid, Dicarboxylate";"Plasma";"Metabolon HD4 [nt-ms]";"3-carboxy-4-methyl-5-propyl-2-furanpropanoate (CMPF)_metabolon"
"417";"3-hydroxy-3-methylglutarate";"Lipid";"Mevalonate Metabolism";"Plasma";"Metabolon HD4 [nt-ms]";"3-hydroxy-3-methylglutarate_metabolon"
"418";"3-hydroxybutyrate (BHBA)";"Lipid";"Ketone Bodies";"Plasma";"Metabolon HD4 [nt-ms]";"3-hydroxybutyrate (BHBA)_metabolon"
"419";"3-hydroxybutyrylcarnitine (1)";"Lipid";"Fatty Acid Metabolism(Acyl Carnitine)";"Plasma";"Metabolon HD4 [nt-ms]";"3-hydroxybutyrylcarnitine (1)_metabolon"
"420";"3-hydroxybutyrylcarnitine (2)";"Lipid";"Fatty Acid Metabolism(Acyl Carnitine)";"Plasma";"Metabolon HD4 [nt-ms]";"3-hydroxybutyrylcarnitine (2)_metabolon"
"421";"3-hydroxydecanoate";"Lipid";"Fatty Acid, Monohydroxy";"Plasma";"Metabolon HD4 [nt-ms]";"3-hydroxydecanoate_metabolon"
"422";"3-hydroxylaurate";"Lipid";"Fatty Acid, Monohydroxy";"Plasma";"Metabolon HD4 [nt-ms]";"3-hydroxylaurate_metabolon"
"423";"3-hydroxymyristate";"Lipid";"Fatty Acid, Monohydroxy";"Plasma";"Metabolon HD4 [nt-ms]";"3-hydroxymyristate_metabolon"
"424";"3-hydroxyoctanoate";"Lipid";"Fatty Acid, Monohydroxy";"Plasma";"Metabolon HD4 [nt-ms]";"3-hydroxyoctanoate_metabolon"
"425";"3b-hydroxy-5-cholenoic acid";"Lipid";"Secondary Bile Acid Metabolism";"Plasma";"Metabolon HD4 [nt-ms]";"3b-hydroxy-5-cholenoic acid_metabolon"
"426";"3beta,7alpha-dihydroxy-5-cholestenoate";"Lipid";"Secondary Bile Acid Metabolism";"Plasma";"Metabolon HD4 [nt-ms]";"3beta,7alpha-dihydroxy-5-cholestenoate_metabolon"
"427";"4-androsten-3alpha,17alpha-diol monosulfate (2)";"Lipid";"Steroid";"Plasma";"Metabolon HD4 [nt-ms]";"4-androsten-3alpha,17alpha-diol monosulfate (2)_metabolon"
"428";"4-androsten-3alpha,17alpha-diol monosulfate (3)";"Lipid";"Steroid";"Plasma";"Metabolon HD4 [nt-ms]";"4-androsten-3alpha,17alpha-diol monosulfate (3)_metabolon"
"429";"4-androsten-3beta,17beta-diol disulfate (1)";"Lipid";"Steroid";"Plasma";"Metabolon HD4 [nt-ms]";"4-androsten-3beta,17beta-diol disulfate (1)_metabolon"
"430";"4-androsten-3beta,17beta-diol disulfate (2)";"Lipid";"Steroid";"Plasma";"Metabolon HD4 [nt-ms]";"4-androsten-3beta,17beta-diol disulfate (2)_metabolon"
"431";"4-androsten-3beta,17beta-diol monosulfate (1)";"Lipid";"Steroid";"Plasma";"Metabolon HD4 [nt-ms]";"4-androsten-3beta,17beta-diol monosulfate (1)_metabolon"
"432";"4-androsten-3beta,17beta-diol monosulfate (2)";"Lipid";"Steroid";"Plasma";"Metabolon HD4 [nt-ms]";"4-androsten-3beta,17beta-diol monosulfate (2)_metabolon"
"433";"5-dodecenoate (12:1n7)";"Lipid";"Medium Chain Fatty Acid";"Plasma";"Metabolon HD4 [nt-ms]";"5-dodecenoate (12:1n7)_metabolon"
"434";"5alpha-androstan-3alpha, 17beta-diol-17-glucosiduronate";"Lipid";"Steroid";"Plasma";"Metabolon HD4 [nt-ms]";"5alpha-androstan-3alpha, 17beta-diol-17-glucosiduronate_metabolon"
"435";"5alpha-androstan-3alpha,17alpha-diol disulfate";"Lipid";"Steroid";"Plasma";"Metabolon HD4 [nt-ms]";"5alpha-androstan-3alpha,17alpha-diol disulfate_metabolon"
"436";"5alpha-androstan-3alpha,17alpha-diol monosulfate";"Lipid";"Steroid";"Plasma";"Metabolon HD4 [nt-ms]";"5alpha-androstan-3alpha,17alpha-diol monosulfate_metabolon"
"437";"5alpha-androstan-3alpha,17beta-diol disulfate";"Lipid";"Steroid";"Plasma";"Metabolon HD4 [nt-ms]";"5alpha-androstan-3alpha,17beta-diol disulfate_metabolon"
"438";"5alpha-androstan-3alpha,17beta-diol monosulfate (1)";"Lipid";"Steroid";"Plasma";"Metabolon HD4 [nt-ms]";"5alpha-androstan-3alpha,17beta-diol monosulfate (1)_metabolon"
"439";"5alpha-androstan-3alpha,17beta-diol monosulfate (2)";"Lipid";"Steroid";"Plasma";"Metabolon HD4 [nt-ms]";"5alpha-androstan-3alpha,17beta-diol monosulfate (2)_metabolon"
"440";"5alpha-androstan-3beta,17alpha-diol disulfate";"Lipid";"Steroid";"Plasma";"Metabolon HD4 [nt-ms]";"5alpha-androstan-3beta,17alpha-diol disulfate_metabolon"
"441";"5alpha-androstan-3beta,17beta-diol disulfate";"Lipid";"Steroid";"Plasma";"Metabolon HD4 [nt-ms]";"5alpha-androstan-3beta,17beta-diol disulfate_metabolon"
"442";"5alpha-androstan-3beta,17beta-diol monosulfate (2)";"Lipid";"Steroid";"Plasma";"Metabolon HD4 [nt-ms]";"5alpha-androstan-3beta,17beta-diol monosulfate (2)_metabolon"
"443";"5alpha-pregnan-3(alpha or beta),20beta-diol disulfate";"Lipid";"Steroid";"Plasma";"Metabolon HD4 [nt-ms]";"5alpha-pregnan-3(alpha or beta),20beta-diol disulfate_metabolon"
"444";"5alpha-pregnan-3beta,20alpha-diol disulfate";"Lipid";"Steroid";"Plasma";"Metabolon HD4 [nt-ms]";"5alpha-pregnan-3beta,20alpha-diol disulfate_metabolon"
"445";"5alpha-pregnan-3beta,20alpha-diol monosulfate (2)";"Lipid";"Steroid";"Plasma";"Metabolon HD4 [nt-ms]";"5alpha-pregnan-3beta,20alpha-diol monosulfate (2)_metabolon"
"446";"5alpha-pregnan-3beta,20beta-diol monosulfate (1)";"Lipid";"Steroid";"Plasma";"Metabolon HD4 [nt-ms]";"5alpha-pregnan-3beta,20beta-diol monosulfate (1)_metabolon"
"447";"7-alpha-hydroxy-3-oxo-4-cholestenoate (7-Hoca)";"Lipid";"Sterol";"Plasma";"Metabolon HD4 [nt-ms]";"7-alpha-hydroxy-3-oxo-4-cholestenoate (7-Hoca)_metabolon"
"448";"9,10-DiHOME";"Lipid";"Fatty Acid, Dihydroxy";"Plasma";"Metabolon HD4 [nt-ms]";"9,10-DiHOME_metabolon"
"449";"acetoacetate";"Lipid";"Ketone Bodies";"Plasma";"Metabolon HD4 [nt-ms]";"acetoacetate_metabolon"
"450";"acetylcarnitine";"Lipid";"Fatty Acid Metabolism(Acyl Carnitine)";"Plasma";"Metabolon HD4 [nt-ms]";"acetylcarnitine_metabolon"
"451";"adipoylcarnitine";"Lipid";"Fatty Acid Metabolism(Acyl Carnitine)";"Plasma";"Metabolon HD4 [nt-ms]";"adipoylcarnitine_metabolon"
"452";"andro steroid monosulfate (1)*";"Lipid";"Steroid";"Plasma";"Metabolon HD4 [nt-ms]";"andro steroid monosulfate (1)*_metabolon"
"453";"androsterone sulfate";"Lipid";"Steroid";"Plasma";"Metabolon HD4 [nt-ms]";"androsterone sulfate_metabolon"
"454";"azelate (nonanedioate)";"Lipid";"Fatty Acid, Dicarboxylate";"Plasma";"Metabolon HD4 [nt-ms]";"azelate (nonanedioate)_metabolon"
"455";"butyrylcarnitine";"Lipid";"Fatty Acid Metabolism (also BCAA Metabolism)";"Plasma";"Metabolon HD4 [nt-ms]";"butyrylcarnitine_metabolon"
"456";"caprate (10:0)";"Lipid";"Medium Chain Fatty Acid";"Plasma";"Metabolon HD4 [nt-ms]";"caprate (10:0)_metabolon"
"457";"caproate (6:0)";"Lipid";"Medium Chain Fatty Acid";"Plasma";"Metabolon HD4 [nt-ms]";"caproate (6:0)_metabolon"
"458";"caprylate (8:0)";"Lipid";"Medium Chain Fatty Acid";"Plasma";"Metabolon HD4 [nt-ms]";"caprylate (8:0)_metabolon"
"459";"carnitine";"Lipid";"Carnitine Metabolism";"Plasma";"Metabolon HD4 [nt-ms]";"carnitine_metabolon"
"460";"cholate";"Lipid";"Primary Bile Acid Metabolism";"Plasma";"Metabolon HD4 [nt-ms]";"cholate_metabolon"
"461";"cholesterol";"Lipid";"Sterol";"Plasma";"Metabolon HD4 [nt-ms]";"cholesterol_metabolon"
"462";"choline";"Lipid";"Phospholipid Metabolism";"Plasma";"Metabolon HD4 [nt-ms]";"choline_metabolon"
"463";"choline phosphate";"Lipid";"Phospholipid Metabolism";"Plasma";"Metabolon HD4 [nt-ms]";"choline phosphate_metabolon"
"464";"cis-4-decenoyl carnitine";"Lipid";"Fatty Acid Metabolism(Acyl Carnitine)";"Plasma";"Metabolon HD4 [nt-ms]";"cis-4-decenoyl carnitine_metabolon"
"465";"cortisol";"Lipid";"Steroid";"Plasma";"Metabolon HD4 [nt-ms]";"cortisol_metabolon"
"466";"cortisone";"Lipid";"Steroid";"Plasma";"Metabolon HD4 [nt-ms]";"cortisone_metabolon"
"467";"decanoylcarnitine";"Lipid";"Fatty Acid Metabolism(Acyl Carnitine)";"Plasma";"Metabolon HD4 [nt-ms]";"decanoylcarnitine_metabolon"
"468";"dehydroisoandrosterone sulfate (DHEA-S)";"Lipid";"Steroid";"Plasma";"Metabolon HD4 [nt-ms]";"dehydroisoandrosterone sulfate (DHEA-S)_metabolon"
"469";"deoxycarnitine";"Lipid";"Carnitine Metabolism";"Plasma";"Metabolon HD4 [nt-ms]";"deoxycarnitine_metabolon"
"470";"deoxycholate";"Lipid";"Secondary Bile Acid Metabolism";"Plasma";"Metabolon HD4 [nt-ms]";"deoxycholate_metabolon"
"471";"dodecanedioate";"Lipid";"Fatty Acid, Dicarboxylate";"Plasma";"Metabolon HD4 [nt-ms]";"dodecanedioate_metabolon"
"472";"epiandrosterone sulfate";"Lipid";"Steroid";"Plasma";"Metabolon HD4 [nt-ms]";"epiandrosterone sulfate_metabolon"
"473";"etiocholanolone glucuronide";"Lipid";"Steroid";"Plasma";"Metabolon HD4 [nt-ms]";"etiocholanolone glucuronide_metabolon"
"474";"glycerol";"Lipid";"Glycerolipid Metabolism";"Plasma";"Metabolon HD4 [nt-ms]";"glycerol_metabolon"
"475";"glycerol 3-phosphate";"Lipid";"Glycerolipid Metabolism";"Plasma";"Metabolon HD4 [nt-ms]";"glycerol 3-phosphate_metabolon"
"476";"glycerophosphoethanolamine";"Lipid";"Phospholipid Metabolism";"Plasma";"Metabolon HD4 [nt-ms]";"glycerophosphoethanolamine_metabolon"
"477";"glycerophosphorylcholine (GPC)";"Lipid";"Phospholipid Metabolism";"Plasma";"Metabolon HD4 [nt-ms]";"glycerophosphorylcholine (GPC)_metabolon"
"478";"glycochenodeoxycholate";"Lipid";"Primary Bile Acid Metabolism";"Plasma";"Metabolon HD4 [nt-ms]";"glycochenodeoxycholate_metabolon"
"479";"glycochenodeoxycholate glucuronide (1)";"Lipid";"Primary Bile Acid Metabolism";"Plasma";"Metabolon HD4 [nt-ms]";"glycochenodeoxycholate glucuronide (1)_metabolon"
"480";"glycochenodeoxycholate sulfate";"Lipid";"Primary Bile Acid Metabolism";"Plasma";"Metabolon HD4 [nt-ms]";"glycochenodeoxycholate sulfate_metabolon"
"481";"glycocholate";"Lipid";"Primary Bile Acid Metabolism";"Plasma";"Metabolon HD4 [nt-ms]";"glycocholate_metabolon"
"482";"glycocholenate sulfate*";"Lipid";"Secondary Bile Acid Metabolism";"Plasma";"Metabolon HD4 [nt-ms]";"glycocholenate sulfate*_metabolon"
"483";"glycodeoxycholate sulfate";"Lipid";"Secondary Bile Acid Metabolism";"Plasma";"Metabolon HD4 [nt-ms]";"glycodeoxycholate sulfate_metabolon"
"484";"glycohyocholate";"Lipid";"Secondary Bile Acid Metabolism";"Plasma";"Metabolon HD4 [nt-ms]";"glycohyocholate_metabolon"
"485";"glycolithocholate";"Lipid";"Secondary Bile Acid Metabolism";"Plasma";"Metabolon HD4 [nt-ms]";"glycolithocholate_metabolon"
"486";"glycolithocholate sulfate*";"Lipid";"Secondary Bile Acid Metabolism";"Plasma";"Metabolon HD4 [nt-ms]";"glycolithocholate sulfate*_metabolon"
"487";"glycoursodeoxycholate";"Lipid";"Secondary Bile Acid Metabolism";"Plasma";"Metabolon HD4 [nt-ms]";"glycoursodeoxycholate_metabolon"
"488";"hexadecanedioate";"Lipid";"Fatty Acid, Dicarboxylate";"Plasma";"Metabolon HD4 [nt-ms]";"hexadecanedioate_metabolon"
"489";"hexanoylcarnitine";"Lipid";"Fatty Acid Metabolism(Acyl Carnitine)";"Plasma";"Metabolon HD4 [nt-ms]";"hexanoylcarnitine_metabolon"
"490";"hyocholate";"Lipid";"Secondary Bile Acid Metabolism";"Plasma";"Metabolon HD4 [nt-ms]";"hyocholate_metabolon"
"491";"laurate (12:0)";"Lipid";"Medium Chain Fatty Acid";"Plasma";"Metabolon HD4 [nt-ms]";"laurate (12:0)_metabolon"
"492";"laurylcarnitine";"Lipid";"Fatty Acid Metabolism(Acyl Carnitine)";"Plasma";"Metabolon HD4 [nt-ms]";"laurylcarnitine_metabolon"
"493";"linoleamide (18:2n6)";"Lipid";"Fatty Acid, Amide";"Plasma";"Metabolon HD4 [nt-ms]";"linoleamide (18:2n6)_metabolon"
"494";"linoleoylcarnitine*";"Lipid";"Fatty Acid Metabolism(Acyl Carnitine)";"Plasma";"Metabolon HD4 [nt-ms]";"linoleoylcarnitine*_metabolon"
"495";"maleate";"Lipid";"Fatty Acid, Dicarboxylate";"Plasma";"Metabolon HD4 [nt-ms]";"maleate_metabolon"
"496";"malonate";"Lipid";"Fatty Acid Synthesis";"Plasma";"Metabolon HD4 [nt-ms]";"malonate_metabolon"
"497";"malonylcarnitine";"Lipid";"Fatty Acid Synthesis";"Plasma";"Metabolon HD4 [nt-ms]";"malonylcarnitine_metabolon"
"498";"methylmalonate (MMA)";"Lipid";"Fatty Acid Metabolism (also BCAA Metabolism)";"Plasma";"Metabolon HD4 [nt-ms]";"methylmalonate (MMA)_metabolon"
"499";"myo-inositol";"Lipid";"Inositol Metabolism";"Plasma";"Metabolon HD4 [nt-ms]";"myo-inositol_metabolon"
"500";"myristoleoylcarnitine*";"Lipid";"Fatty Acid Metabolism(Acyl Carnitine)";"Plasma";"Metabolon HD4 [nt-ms]";"myristoleoylcarnitine*_metabolon"
"501";"myristoylcarnitine";"Lipid";"Fatty Acid Metabolism(Acyl Carnitine)";"Plasma";"Metabolon HD4 [nt-ms]";"myristoylcarnitine_metabolon"
"502";"N-palmitoyl glycine";"Lipid";"Fatty Acid Metabolism(Acyl Glycine)";"Plasma";"Metabolon HD4 [nt-ms]";"N-palmitoyl glycine_metabolon"
"503";"octadecanedioate";"Lipid";"Fatty Acid, Dicarboxylate";"Plasma";"Metabolon HD4 [nt-ms]";"octadecanedioate_metabolon"
"504";"octanoylcarnitine";"Lipid";"Fatty Acid Metabolism(Acyl Carnitine)";"Plasma";"Metabolon HD4 [nt-ms]";"octanoylcarnitine_metabolon"
"505";"oleamide";"Lipid";"Fatty Acid, Amide";"Plasma";"Metabolon HD4 [nt-ms]";"oleamide_metabolon"
"506";"oleoyl ethanolamide";"Lipid";"Endocannabinoid";"Plasma";"Metabolon HD4 [nt-ms]";"oleoyl ethanolamide_metabolon"
"507";"oleoylcarnitine";"Lipid";"Fatty Acid Metabolism(Acyl Carnitine)";"Plasma";"Metabolon HD4 [nt-ms]";"oleoylcarnitine_metabolon"
"508";"palmitic amide";"Lipid";"Fatty Acid, Amide";"Plasma";"Metabolon HD4 [nt-ms]";"palmitic amide_metabolon"
"509";"palmitoyl ethanolamide";"Lipid";"Endocannabinoid";"Plasma";"Metabolon HD4 [nt-ms]";"palmitoyl ethanolamide_metabolon"
"510";"palmitoylcarnitine";"Lipid";"Fatty Acid Metabolism(Acyl Carnitine)";"Plasma";"Metabolon HD4 [nt-ms]";"palmitoylcarnitine_metabolon"
"511";"palmitoylcholine";"Lipid";"Fatty Acid Metabolism (Acyl Choline)";"Plasma";"Metabolon HD4 [nt-ms]";"palmitoylcholine_metabolon"
"512";"phosphoethanolamine";"Lipid";"Phospholipid Metabolism";"Plasma";"Metabolon HD4 [nt-ms]";"phosphoethanolamine_metabolon"
"513";"pregn steroid monosulfate*";"Lipid";"Steroid";"Plasma";"Metabolon HD4 [nt-ms]";"pregn steroid monosulfate*_metabolon"
"514";"pregnanediol-3-glucuronide";"Lipid";"Steroid";"Plasma";"Metabolon HD4 [nt-ms]";"pregnanediol-3-glucuronide_metabolon"
"515";"pregnanolone/allopregnanolone sulfate";"Lipid";"Steroid";"Plasma";"Metabolon HD4 [nt-ms]";"pregnanolone/allopregnanolone sulfate_metabolon"
"516";"pregnen-diol disulfate*";"Lipid";"Steroid";"Plasma";"Metabolon HD4 [nt-ms]";"pregnen-diol disulfate*_metabolon"
"517";"pregnenolone sulfate";"Lipid";"Steroid";"Plasma";"Metabolon HD4 [nt-ms]";"pregnenolone sulfate_metabolon"
"518";"pristanate";"Lipid";"Fatty Acid, Branched";"Plasma";"Metabolon HD4 [nt-ms]";"pristanate_metabolon"
"519";"propionylcarnitine";"Lipid";"Fatty Acid Metabolism (also BCAA Metabolism)";"Plasma";"Metabolon HD4 [nt-ms]";"propionylcarnitine_metabolon"
"520";"propionylglycine";"Lipid";"Fatty Acid Metabolism (also BCAA Metabolism)";"Plasma";"Metabolon HD4 [nt-ms]";"propionylglycine_metabolon"
"521";"sebacate (decanedioate)";"Lipid";"Fatty Acid, Dicarboxylate";"Plasma";"Metabolon HD4 [nt-ms]";"sebacate (decanedioate)_metabolon"
"522";"sphinganine-1-phosphate";"Lipid";"Sphingolipid Metabolism";"Plasma";"Metabolon HD4 [nt-ms]";"sphinganine-1-phosphate_metabolon"
"523";"sphingosine";"Lipid";"Sphingolipid Metabolism";"Plasma";"Metabolon HD4 [nt-ms]";"sphingosine_metabolon"
"524";"sphingosine 1-phosphate";"Lipid";"Sphingolipid Metabolism";"Plasma";"Metabolon HD4 [nt-ms]";"sphingosine 1-phosphate_metabolon"
"525";"stearoylcarnitine";"Lipid";"Fatty Acid Metabolism(Acyl Carnitine)";"Plasma";"Metabolon HD4 [nt-ms]";"stearoylcarnitine_metabolon"
"526";"suberoyl carnitine";"Lipid";"Fatty Acid Metabolism(Acyl Carnitine)";"Plasma";"Metabolon HD4 [nt-ms]";"suberoyl carnitine_metabolon"
"527";"taurochenodeoxycholate";"Lipid";"Primary Bile Acid Metabolism";"Plasma";"Metabolon HD4 [nt-ms]";"taurochenodeoxycholate_metabolon"
"528";"taurocholate";"Lipid";"Primary Bile Acid Metabolism";"Plasma";"Metabolon HD4 [nt-ms]";"taurocholate_metabolon"
"529";"taurocholenate sulfate";"Lipid";"Secondary Bile Acid Metabolism";"Plasma";"Metabolon HD4 [nt-ms]";"taurocholenate sulfate_metabolon"
"530";"taurolithocholate 3-sulfate";"Lipid";"Secondary Bile Acid Metabolism";"Plasma";"Metabolon HD4 [nt-ms]";"taurolithocholate 3-sulfate_metabolon"
"531";"tetradecanedioate";"Lipid";"Fatty Acid, Dicarboxylate";"Plasma";"Metabolon HD4 [nt-ms]";"tetradecanedioate_metabolon"
"532";"trimethylamine N-oxide";"Lipid";"Phospholipid Metabolism";"Plasma";"Metabolon HD4 [nt-ms]";"trimethylamine N-oxide_metabolon"
"533";"ursodeoxycholate";"Lipid";"Secondary Bile Acid Metabolism";"Plasma";"Metabolon HD4 [nt-ms]";"ursodeoxycholate_metabolon"
"534";"2'-deoxyuridine";"Nucleotide";"Pyrimidine Metabolism, Uracil containing";"Plasma";"Metabolon HD4 [nt-ms]";"2'-deoxyuridine_metabolon"
"535";"3-aminoisobutyrate";"Nucleotide";"Pyrimidine Metabolism, Thymine containing";"Plasma";"Metabolon HD4 [nt-ms]";"3-aminoisobutyrate_metabolon"
"536";"3-methylcytidine";"Nucleotide";"Pyrimidine Metabolism, Cytidine containing";"Plasma";"Metabolon HD4 [nt-ms]";"3-methylcytidine_metabolon"
"537";"3-ureidopropionate";"Nucleotide";"Pyrimidine Metabolism, Uracil containing";"Plasma";"Metabolon HD4 [nt-ms]";"3-ureidopropionate_metabolon"
"538";"5-methyluridine (ribothymidine)";"Nucleotide";"Pyrimidine Metabolism, Uracil containing";"Plasma";"Metabolon HD4 [nt-ms]";"5-methyluridine (ribothymidine)_metabolon"
"539";"5,6-dihydrothymine";"Nucleotide";"Pyrimidine Metabolism, Thymine containing";"Plasma";"Metabolon HD4 [nt-ms]";"5,6-dihydrothymine_metabolon"
"540";"7-methylguanine";"Nucleotide";"Purine Metabolism, Guanine containing";"Plasma";"Metabolon HD4 [nt-ms]";"7-methylguanine_metabolon"
"541";"adenine";"Nucleotide";"Purine Metabolism, Adenine containing";"Plasma";"Metabolon HD4 [nt-ms]";"adenine_metabolon"
"542";"adenosine";"Nucleotide";"Purine Metabolism, Adenine containing";"Plasma";"Metabolon HD4 [nt-ms]";"adenosine_metabolon"
"543";"adenosine 3',5'-cyclic monophosphate (cAMP)";"Nucleotide";"Purine Metabolism, Adenine containing";"Plasma";"Metabolon HD4 [nt-ms]";"adenosine 3',5'-cyclic monophosphate (cAMP)_metabolon"
"544";"adenosine 5'-monophosphate (AMP)";"Nucleotide";"Purine Metabolism, Adenine containing";"Plasma";"Metabolon HD4 [nt-ms]";"adenosine 5'-monophosphate (AMP)_metabolon"
"545";"allantoin";"Nucleotide";"Purine Metabolism, (Hypo)Xanthine/Inosine containing";"Plasma";"Metabolon HD4 [nt-ms]";"allantoin_metabolon"
"546";"beta-alanine";"Nucleotide";"Pyrimidine Metabolism, Uracil containing";"Plasma";"Metabolon HD4 [nt-ms]";"beta-alanine_metabolon"
"547";"dihydroorotate";"Nucleotide";"Pyrimidine Metabolism, Orotate containing";"Plasma";"Metabolon HD4 [nt-ms]";"dihydroorotate_metabolon"
"548";"hypoxanthine";"Nucleotide";"Purine Metabolism, (Hypo)Xanthine/Inosine containing";"Plasma";"Metabolon HD4 [nt-ms]";"hypoxanthine_metabolon"
"549";"inosine";"Nucleotide";"Purine Metabolism, (Hypo)Xanthine/Inosine containing";"Plasma";"Metabolon HD4 [nt-ms]";"inosine_metabolon"
"550";"N-acetyl-beta-alanine";"Nucleotide";"Pyrimidine Metabolism, Uracil containing";"Plasma";"Metabolon HD4 [nt-ms]";"N-acetyl-beta-alanine_metabolon"
"551";"N1-methyladenosine";"Nucleotide";"Purine Metabolism, Adenine containing";"Plasma";"Metabolon HD4 [nt-ms]";"N1-methyladenosine_metabolon"
"552";"N2,N2-dimethylguanosine";"Nucleotide";"Purine Metabolism, Guanine containing";"Plasma";"Metabolon HD4 [nt-ms]";"N2,N2-dimethylguanosine_metabolon"
"553";"N4-acetylcytidine";"Nucleotide";"Pyrimidine Metabolism, Cytidine containing";"Plasma";"Metabolon HD4 [nt-ms]";"N4-acetylcytidine_metabolon"
"554";"N6-carbamoylthreonyladenosine";"Nucleotide";"Purine Metabolism, Adenine containing";"Plasma";"Metabolon HD4 [nt-ms]";"N6-carbamoylthreonyladenosine_metabolon"
"555";"N6-succinyladenosine";"Nucleotide";"Purine Metabolism, Adenine containing";"Plasma";"Metabolon HD4 [nt-ms]";"N6-succinyladenosine_metabolon"
"556";"orotate";"Nucleotide";"Pyrimidine Metabolism, Orotate containing";"Plasma";"Metabolon HD4 [nt-ms]";"orotate_metabolon"
"557";"orotidine";"Nucleotide";"Pyrimidine Metabolism, Orotate containing";"Plasma";"Metabolon HD4 [nt-ms]";"orotidine_metabolon"
"558";"pseudouridine";"Nucleotide";"Pyrimidine Metabolism, Uracil containing";"Plasma";"Metabolon HD4 [nt-ms]";"pseudouridine_metabolon"
"559";"urate";"Nucleotide";"Purine Metabolism, (Hypo)Xanthine/Inosine containing";"Plasma";"Metabolon HD4 [nt-ms]";"urate_metabolon"
"560";"uridine";"Nucleotide";"Pyrimidine Metabolism, Uracil containing";"Plasma";"Metabolon HD4 [nt-ms]";"uridine_metabolon"
"561";"xanthine";"Nucleotide";"Purine Metabolism, (Hypo)Xanthine/Inosine containing";"Plasma";"Metabolon HD4 [nt-ms]";"xanthine_metabolon"
"562";"xanthosine";"Nucleotide";"Purine Metabolism, (Hypo)Xanthine/Inosine containing";"Plasma";"Metabolon HD4 [nt-ms]";"xanthosine_metabolon"
"563";"DSGEGDFXAEGGGVR*";"Peptide";"Fibrinogen Cleavage Peptide";"Plasma";"Metabolon HD4 [nt-ms]";"DSGEGDFXAEGGGVR*_metabolon"
"564";"gamma-glutamyl-2-aminobutyrate";"Peptide";"Gamma-glutamyl Amino Acid";"Plasma";"Metabolon HD4 [nt-ms]";"gamma-glutamyl-2-aminobutyrate_metabolon"
"565";"gamma-glutamyl-epsilon-lysine";"Peptide";"Gamma-glutamyl Amino Acid";"Plasma";"Metabolon HD4 [nt-ms]";"gamma-glutamyl-epsilon-lysine_metabolon"
"566";"gamma-glutamylalanine";"Peptide";"Gamma-glutamyl Amino Acid";"Plasma";"Metabolon HD4 [nt-ms]";"gamma-glutamylalanine_metabolon"
"567";"gamma-glutamylglutamate";"Peptide";"Gamma-glutamyl Amino Acid";"Plasma";"Metabolon HD4 [nt-ms]";"gamma-glutamylglutamate_metabolon"
"568";"gamma-glutamylglutamine";"Peptide";"Gamma-glutamyl Amino Acid";"Plasma";"Metabolon HD4 [nt-ms]";"gamma-glutamylglutamine_metabolon"
"569";"gamma-glutamylglycine";"Peptide";"Gamma-glutamyl Amino Acid";"Plasma";"Metabolon HD4 [nt-ms]";"gamma-glutamylglycine_metabolon"
"570";"gamma-glutamylhistidine";"Peptide";"Gamma-glutamyl Amino Acid";"Plasma";"Metabolon HD4 [nt-ms]";"gamma-glutamylhistidine_metabolon"
"571";"gamma-glutamylisoleucine*";"Peptide";"Gamma-glutamyl Amino Acid";"Plasma";"Metabolon HD4 [nt-ms]";"gamma-glutamylisoleucine*_metabolon"
"572";"gamma-glutamylleucine";"Peptide";"Gamma-glutamyl Amino Acid";"Plasma";"Metabolon HD4 [nt-ms]";"gamma-glutamylleucine_metabolon"
"573";"gamma-glutamylmethionine";"Peptide";"Gamma-glutamyl Amino Acid";"Plasma";"Metabolon HD4 [nt-ms]";"gamma-glutamylmethionine_metabolon"
"574";"gamma-glutamylphenylalanine";"Peptide";"Gamma-glutamyl Amino Acid";"Plasma";"Metabolon HD4 [nt-ms]";"gamma-glutamylphenylalanine_metabolon"
"575";"gamma-glutamylthreonine*";"Peptide";"Gamma-glutamyl Amino Acid";"Plasma";"Metabolon HD4 [nt-ms]";"gamma-glutamylthreonine*_metabolon"
"576";"gamma-glutamyltryptophan";"Peptide";"Gamma-glutamyl Amino Acid";"Plasma";"Metabolon HD4 [nt-ms]";"gamma-glutamyltryptophan_metabolon"
"577";"gamma-glutamyltyrosine";"Peptide";"Gamma-glutamyl Amino Acid";"Plasma";"Metabolon HD4 [nt-ms]";"gamma-glutamyltyrosine_metabolon"
"578";"gamma-glutamylvaline";"Peptide";"Gamma-glutamyl Amino Acid";"Plasma";"Metabolon HD4 [nt-ms]";"gamma-glutamylvaline_metabolon"
"579";"N-acetylcarnosine";"Peptide";"Dipeptide Derivative";"Plasma";"Metabolon HD4 [nt-ms]";"N-acetylcarnosine_metabolon"
"580";"prolylglycine";"Peptide";"Dipeptide";"Plasma";"Metabolon HD4 [nt-ms]";"prolylglycine_metabolon"
"581";"1-methylurate";"Xenobiotics";"Xanthine Metabolism";"Plasma";"Metabolon HD4 [nt-ms]";"1-methylurate_metabolon"
"582";"1-methylxanthine";"Xenobiotics";"Xanthine Metabolism";"Plasma";"Metabolon HD4 [nt-ms]";"1-methylxanthine_metabolon"
"583";"1,7-dimethylurate";"Xenobiotics";"Xanthine Metabolism";"Plasma";"Metabolon HD4 [nt-ms]";"1,7-dimethylurate_metabolon"
"584";"2-aminophenol sulfate";"Xenobiotics";"Chemical";"Plasma";"Metabolon HD4 [nt-ms]";"2-aminophenol sulfate_metabolon"
"585";"2-piperidinone";"Xenobiotics";"Food Component/Plant";"Plasma";"Metabolon HD4 [nt-ms]";"2-piperidinone_metabolon"
"586";"2-pyrrolidinone";"Xenobiotics";"Chemical";"Plasma";"Metabolon HD4 [nt-ms]";"2-pyrrolidinone_metabolon"
"587";"2,3-dihydroxyisovalerate";"Xenobiotics";"Food Component/Plant";"Plasma";"Metabolon HD4 [nt-ms]";"2,3-dihydroxyisovalerate_metabolon"
"588";"3-hydroxyhippurate";"Xenobiotics";"Benzoate Metabolism";"Plasma";"Metabolon HD4 [nt-ms]";"3-hydroxyhippurate_metabolon"
"589";"3-hydroxypyridine sulfate";"Xenobiotics";"Chemical";"Plasma";"Metabolon HD4 [nt-ms]";"3-hydroxypyridine sulfate_metabolon"
"590";"3-methylxanthine";"Xenobiotics";"Xanthine Metabolism";"Plasma";"Metabolon HD4 [nt-ms]";"3-methylxanthine_metabolon"
"591";"3,7-dimethylurate";"Xenobiotics";"Xanthine Metabolism";"Plasma";"Metabolon HD4 [nt-ms]";"3,7-dimethylurate_metabolon"
"592";"4-allylphenol sulfate";"Xenobiotics";"Food Component/Plant";"Plasma";"Metabolon HD4 [nt-ms]";"4-allylphenol sulfate_metabolon"
"593";"4-ethylphenylsulfate";"Xenobiotics";"Benzoate Metabolism";"Plasma";"Metabolon HD4 [nt-ms]";"4-ethylphenylsulfate_metabolon"
"594";"4-hydroxychlorothalonil";"Xenobiotics";"Chemical";"Plasma";"Metabolon HD4 [nt-ms]";"4-hydroxychlorothalonil_metabolon"
"595";"4-hydroxyhippurate";"Xenobiotics";"Benzoate Metabolism";"Plasma";"Metabolon HD4 [nt-ms]";"4-hydroxyhippurate_metabolon"
"596";"4-methylcatechol sulfate";"Xenobiotics";"Benzoate Metabolism";"Plasma";"Metabolon HD4 [nt-ms]";"4-methylcatechol sulfate_metabolon"
"597";"4-vinylphenol sulfate";"Xenobiotics";"Benzoate Metabolism";"Plasma";"Metabolon HD4 [nt-ms]";"4-vinylphenol sulfate_metabolon"
"598";"5-acetylamino-6-amino-3-methyluracil";"Xenobiotics";"Xanthine Metabolism";"Plasma";"Metabolon HD4 [nt-ms]";"5-acetylamino-6-amino-3-methyluracil_metabolon"
"599";"6-hydroxyindole sulfate";"Xenobiotics";"Chemical";"Plasma";"Metabolon HD4 [nt-ms]";"6-hydroxyindole sulfate_metabolon"
"600";"7-methylxanthine";"Xenobiotics";"Xanthine Metabolism";"Plasma";"Metabolon HD4 [nt-ms]";"7-methylxanthine_metabolon"
"601";"alliin";"Xenobiotics";"Food Component/Plant";"Plasma";"Metabolon HD4 [nt-ms]";"alliin_metabolon"
"602";"benzoate";"Xenobiotics";"Benzoate Metabolism";"Plasma";"Metabolon HD4 [nt-ms]";"benzoate_metabolon"
"603";"betonicine";"Xenobiotics";"Food Component/Plant";"Plasma";"Metabolon HD4 [nt-ms]";"betonicine_metabolon"
"604";"caffeine";"Xenobiotics";"Xanthine Metabolism";"Plasma";"Metabolon HD4 [nt-ms]";"caffeine_metabolon"
"605";"catechol sulfate";"Xenobiotics";"Benzoate Metabolism";"Plasma";"Metabolon HD4 [nt-ms]";"catechol sulfate_metabolon"
"606";"cinnamoylglycine";"Xenobiotics";"Food Component/Plant";"Plasma";"Metabolon HD4 [nt-ms]";"cinnamoylglycine_metabolon"
"607";"dimethyl sulfone";"Xenobiotics";"Chemical";"Plasma";"Metabolon HD4 [nt-ms]";"dimethyl sulfone_metabolon"
"608";"EDTA";"Xenobiotics";"Chemical";"Plasma";"Metabolon HD4 [nt-ms]";"EDTA_metabolon"
"609";"ergothioneine";"Xenobiotics";"Food Component/Plant";"Plasma";"Metabolon HD4 [nt-ms]";"ergothioneine_metabolon"
"610";"erythritol";"Xenobiotics";"Food Component/Plant";"Plasma";"Metabolon HD4 [nt-ms]";"erythritol_metabolon"
"611";"gluconate";"Xenobiotics";"Food Component/Plant";"Plasma";"Metabolon HD4 [nt-ms]";"gluconate_metabolon"
"612";"hippurate";"Xenobiotics";"Benzoate Metabolism";"Plasma";"Metabolon HD4 [nt-ms]";"hippurate_metabolon"
"613";"homostachydrine*";"Xenobiotics";"Food Component/Plant";"Plasma";"Metabolon HD4 [nt-ms]";"homostachydrine*_metabolon"
"614";"iminodiacetate (IDA)";"Xenobiotics";"Chemical";"Plasma";"Metabolon HD4 [nt-ms]";"iminodiacetate (IDA)_metabolon"
"615";"indolin-2-one";"Xenobiotics";"Food Component/Plant";"Plasma";"Metabolon HD4 [nt-ms]";"indolin-2-one_metabolon"
"616";"lanthionine";"Xenobiotics";"Chemical";"Plasma";"Metabolon HD4 [nt-ms]";"lanthionine_metabolon"
"617";"methyl glucopyranoside (alpha + beta)";"Xenobiotics";"Food Component/Plant";"Plasma";"Metabolon HD4 [nt-ms]";"methyl glucopyranoside (alpha + beta)_metabolon"
"618";"methyl indole-3-acetate";"Xenobiotics";"Food Component/Plant";"Plasma";"Metabolon HD4 [nt-ms]";"methyl indole-3-acetate_metabolon"
"619";"methyl-4-hydroxybenzoate sulfate";"Xenobiotics";"Benzoate Metabolism";"Plasma";"Metabolon HD4 [nt-ms]";"methyl-4-hydroxybenzoate sulfate_metabolon"
"620";"N-acetylalliin";"Xenobiotics";"Food Component/Plant";"Plasma";"Metabolon HD4 [nt-ms]";"N-acetylalliin_metabolon"
"621";"N-methylpipecolate";"Xenobiotics";"Chemical";"Plasma";"Metabolon HD4 [nt-ms]";"N-methylpipecolate_metabolon"
"622";"O-methylcatechol sulfate";"Xenobiotics";"Benzoate Metabolism";"Plasma";"Metabolon HD4 [nt-ms]";"O-methylcatechol sulfate_metabolon"
"623";"O-sulfo-L-tyrosine";"Xenobiotics";"Chemical";"Plasma";"Metabolon HD4 [nt-ms]";"O-sulfo-L-tyrosine_metabolon"
"624";"paraxanthine";"Xenobiotics";"Xanthine Metabolism";"Plasma";"Metabolon HD4 [nt-ms]";"paraxanthine_metabolon"
"625";"phytanate";"Xenobiotics";"Food Component/Plant";"Plasma";"Metabolon HD4 [nt-ms]";"phytanate_metabolon"
"626";"piperine";"Xenobiotics";"Food Component/Plant";"Plasma";"Metabolon HD4 [nt-ms]";"piperine_metabolon"
"627";"quinate";"Xenobiotics";"Food Component/Plant";"Plasma";"Metabolon HD4 [nt-ms]";"quinate_metabolon"
"628";"S-allylcysteine";"Xenobiotics";"Food Component/Plant";"Plasma";"Metabolon HD4 [nt-ms]";"S-allylcysteine_metabolon"
"629";"stachydrine";"Xenobiotics";"Food Component/Plant";"Plasma";"Metabolon HD4 [nt-ms]";"stachydrine_metabolon"
"630";"sulfate*";"Xenobiotics";"Chemical";"Plasma";"Metabolon HD4 [nt-ms]";"sulfate*_metabolon"
"631";"tartarate";"Xenobiotics";"Food Component/Plant";"Plasma";"Metabolon HD4 [nt-ms]";"tartarate_metabolon"
"632";"tartronate (hydroxymalonate)";"Xenobiotics";"Bacterial/Fungal";"Plasma";"Metabolon HD4 [nt-ms]";"tartronate (hydroxymalonate)_metabolon"
"633";"theobromine";"Xenobiotics";"Xanthine Metabolism";"Plasma";"Metabolon HD4 [nt-ms]";"theobromine_metabolon"
"634";"theophylline";"Xenobiotics";"Xanthine Metabolism";"Plasma";"Metabolon HD4 [nt-ms]";"theophylline_metabolon"
"635";"thymol sulfate";"Xenobiotics";"Food Component/Plant";"Plasma";"Metabolon HD4 [nt-ms]";"thymol sulfate_metabolon"
